Workbook

Sheet Todos
A1: CONTROLN | B1: STATE | C1: GENDER | D1: HV1 | E1: IC1 | F1: IC4 | G1: HVP1 | H1: IC5 | I1: POBC1 | J1: POBC2 | K1: IC2 | L1: IC3 | M1: AVGGIFT | N1: TCODE | O1: DOB | P1: DOMAIN | Q1: TARGET_D | R1: AGE | S1: NEIGHBORHOOD_TYPE | T1: GENDER_CLEAN | U1: STATE_CLEAN | V1: IC5_CLEAN
A2: 44060 | B2: FL | C2: M | D2: AAA896 | E2: 392 | F2: 520 | G2: 7 | H2: 21975 | I2: 6 | J2: 16 | K2: 430 | L2: 466 | M2: 28 | N2: =IFERROR(VLOOKUP(A2,vlookup_table!$A:$G,2,FALSE),"") -> 1 | O2: =IFERROR(VLOOKUP(A2,vlookup_table!$A:$G,4,FALSE),"") -> 1901 | P2: =IFERROR(VLOOKUP(A2,vlookup_table!$A:$G,5,FALSE),"") -> C2 | Q2: =IFERROR(VLOOKUP(A2,vlookup_table!$A:$G,7,FALSE),"") -> 100 | R2: =IF(O2="","",97-INT(O2/100)) -> 78 | S2: {=IF(P2="","",_xlfn.SWITCH(LEFT(P2,1),"C","Ciudad","T","Pueblo","R","Rural","S","Suburbano","U","Urbano",""))} -> Ciudad | T2: =IF(C2="","",IF(OR(UPPER(C2)="M",UPPER(C2)="MALE"),"M",IF(OR(UPPER(C2)="F",UPPER(C2)="FEMALE",UPPER(C2)="FEAMALE"),"F",C2))) -> M | U2: =IF(OR(UPPER(B2)="CALIFORNIA",UPPER(B2)="CALI"),"CA",B2) -> FL | V2: =SUBSTITUTE(H2,"@","") -> 21975
A3: 96093 | B3: IL | C3: M | D3: 537 | E3: 365 | F3: 473 | G3: 0 | H3: 19387 | I3: 1 | J3: 89 | K3: 415 | L3: 410 | M3: 5.6666667 | N3: =IFERROR(VLOOKUP(A3,vlookup_table!$A:$G,2,FALSE),"") -> 0 | O3: =IFERROR(VLOOKUP(A3,vlookup_table!$A:$G,4,FALSE),"") -> 0 | P3: =IFERROR(VLOOKUP(A3,vlookup_table!$A:$G,5,FALSE),"") -> T2 | Q3: =IFERROR(VLOOKUP(A3,vlookup_table!$A:$G,7,FALSE),"") -> 7 | R3: =IF(O3="","",97-INT(O3/100)) -> 97 | S3: {=IF(P3="","",_xlfn.SWITCH(LEFT(P3,1),"C","Ciudad","T","Pueblo","R","Rural","S","Suburbano","U","Urbano",""))} -> Pueblo | T3: =IF(C3="","",IF(OR(UPPER(C3)="M",UPPER(C3)="MALE"),"M",IF(OR(UPPER(C3)="F",UPPER(C3)="FEMALE",UPPER(C3)="FEAMALE"),"F",C3))) -> M | U3: =IF(OR(UPPER(B3)="CALIFORNIA",UPPER(B3)="CALI"),"CA",B3) -> IL | V3: =SUBSTITUTE(H3,"@","") -> 19387
A4: 43333 | B4: FL | C4: F | D4: 725 | E4: 301 | F4: 436 | G4: 3 | H4: 18837 | I4: 11 | J4: 17 | K4: 340 | L4: 361 | M4: 4.1111111 | N4: =IFERROR(VLOOKUP(A4,vlookup_table!$A:$G,2,FALSE),"") -> 0 | O4: =IFERROR(VLOOKUP(A4,vlookup_table!$A:$G,4,FALSE),"") -> 2501 | P4: =IFERROR(VLOOKUP(A4,vlookup_table!$A:$G,5,FALSE),"") -> C2 | Q4: =IFERROR(VLOOKUP(A4,vlookup_table!$A:$G,7,FALSE),"") -> 5 | R4: =IF(O4="","",97-INT(O4/100)) -> 72 | S4: {=IF(P4="","",_xlfn.SWITCH(LEFT(P4,1),"C","Ciudad","T","Pueblo","R","Rural","S","Suburbano","U","Urbano",""))} -> Ciudad | T4: =IF(C4="","",IF(OR(UPPER(C4)="M",UPPER(C4)="MALE"),"M",IF(OR(UPPER(C4)="F",UPPER(C4)="FEMALE",UPPER(C4)="FEAMALE"),"F",C4))) -> F | U4: =IF(OR(UPPER(B4)="CALIFORNIA",UPPER(B4)="CALI"),"CA",B4) -> FL | V4: =SUBSTITUTE(H4,"@","") -> 18837
A5: 21885 | B5: NC | C5: M | D5: AAA1095 | E5: 401 | F5: 413 | G5: 7 | H5: 14014 | I5: 1 | J5: 74 | K5: 407 | L5: 399 | M5: 27.277778 | N5: =IFERROR(VLOOKUP(A5,vlookup_table!$A:$G,2,FALSE),"") -> 0 | O5: =IFERROR(VLOOKUP(A5,vlookup_table!$A:$G,4,FALSE),"") -> 2208 | P5: =IFERROR(VLOOKUP(A5,vlookup_table!$A:$G,5,FALSE),"") -> T2 | Q5: =IFERROR(VLOOKUP(A5,vlookup_table!$A:$G,7,FALSE),"") -> 38 | R5: =IF(O5="","",97-INT(O5/100)) -> 75 | S5: {=IF(P5="","",_xlfn.SWITCH(LEFT(P5,1),"C","Ciudad","T","Pueblo","R","Rural","S","Suburbano","U","Urbano",""))} -> Pueblo | T5: =IF(C5="","",IF(OR(UPPER(C5)="M",UPPER(C5)="MALE"),"M",IF(OR(UPPER(C5)="F",UPPER(C5)="FEMALE",UPPER(C5)="FEAMALE"),"F",C5))) -> M | U5: =IF(OR(UPPER(B5)="CALIFORNIA",UPPER(B5)="CALI"),"CA",B5) -> NC | V5: =SUBSTITUTE(H5,"@","") -> 14014
A6: 190108 | B6: FL | C6: F | D6: 995 | E6: 252 | F6: 348 | G6: 0 | H6: 17991 | I6: 5 | J6: 6 | K6: 280 | L6: 316 | M6: 6 | N6: =IFERROR(VLOOKUP(A6,vlookup_table!$A:$G,2,FALSE),"") -> 28 | O6: =IFERROR(VLOOKUP(A6,vlookup_table!$A:$G,4,FALSE),"") -> 0 | P6: =IFERROR(VLOOKUP(A6,vlookup_table!$A:$G,5,FALSE),"") -> C2 | Q6: =IFERROR(VLOOKUP(A6,vlookup_table!$A:$G,7,FALSE),"") -> 5 | R6: =IF(O6="","",97-INT(O6/100)) -> 97 | S6: {=IF(P6="","",_xlfn.SWITCH(LEFT(P6,1),"C","Ciudad","T","Pueblo","R","Rural","S","Suburbano","U","Urbano",""))} -> Ciudad | T6: =IF(C6="","",IF(OR(UPPER(C6)="M",UPPER(C6)="MALE"),"M",IF(OR(UPPER(C6)="F",UPPER(C6)="FEMALE",UPPER(C6)="FEAMALE"),"F",C6))) -> F | U6: =IF(OR(UPPER(B6)="CALIFORNIA",UPPER(B6)="CALI"),"CA",B6) -> FL | V6: =SUBSTITUTE(H6,"@","") -> 17991
A7: 100640 | B7: IL | C7: M | D7: 764 | E7: 457 | F7: 501 | G7: 1 | H7: 16022 | I7: 2 | J7: 75 | K7: 477 | L7: 480 | M7: 25.571429 | N7: =IFERROR(VLOOKUP(A7,vlookup_table!$A:$G,2,FALSE),"") -> 1 | O7: =IFERROR(VLOOKUP(A7,vlookup_table!$A:$G,4,FALSE),"") -> 6104 | P7: =IFERROR(VLOOKUP(A7,vlookup_table!$A:$G,5,FALSE),"") -> S2 | Q7: =IFERROR(VLOOKUP(A7,vlookup_table!$A:$G,7,FALSE),"") -> 30 | R7: =IF(O7="","",97-INT(O7/100)) -> 36 | S7: {=IF(P7="","",_xlfn.SWITCH(LEFT(P7,1),"C","Ciudad","T","Pueblo","R","Rural","S","Suburbano","U","Urbano",""))} -> Suburbano | T7: =IF(C7="","",IF(OR(UPPER(C7)="M",UPPER(C7)="MALE"),"M",IF(OR(UPPER(C7)="F",UPPER(C7)="FEMALE",UPPER(C7)="FEAMALE"),"F",C7))) -> M | U7: =IF(OR(UPPER(B7)="CALIFORNIA",UPPER(B7)="CALI"),"CA",B7) -> IL | V7: =SUBSTITUTE(H7,"@","") -> 16022
A8: 18581 | B8: NC | C8: female | D8: 775 | E8: 318 | F8: 419 | G8: 5 | H8: 13491 | I8: 0 | J8: 73 | K8: 364 | L8: 380 | M8: 4.625 | N8: =IFERROR(VLOOKUP(A8,vlookup_table!$A:$G,2,FALSE),"") -> 0 | O8: =IFERROR(VLOOKUP(A8,vlookup_table!$A:$G,4,FALSE),"") -> 4407 | P8: =IFERROR(VLOOKUP(A8,vlookup_table!$A:$G,5,FALSE),"") -> R2 | Q8: =IFERROR(VLOOKUP(A8,vlookup_table!$A:$G,7,FALSE),"") -> 12 | R8: =IF(O8="","",97-INT(O8/100)) -> 53 | S8: {=IF(P8="","",_xlfn.SWITCH(LEFT(P8,1),"C","Ciudad","T","Pueblo","R","Rural","S","Suburbano","U","Urbano",""))} -> Rural | T8: =IF(C8="","",IF(OR(UPPER(C8)="M",UPPER(C8)="MALE"),"M",IF(OR(UPPER(C8)="F",UPPER(C8)="FEMALE",UPPER(C8)="FEAMALE"),"F",C8))) -> F | U8: =IF(OR(UPPER(B8)="CALIFORNIA",UPPER(B8)="CALI"),"CA",B8) -> NC | V8: =SUBSTITUTE(H8,"@","") -> 13491
A9: 119038 | B9: TX | C9: M | D9: 890 | E9: 519 | F9: 560 | G9: 0 | H9: 17872 | I9: 2 | J9: 46 | K9: 525 | L9: 551 | M9: 6.175 | N9: =IFERROR(VLOOKUP(A9,vlookup_table!$A:$G,2,FALSE),"") -> 1002 | O9: =IFERROR(VLOOKUP(A9,vlookup_table!$A:$G,4,FALSE),"") -> 0 | P9: =IFERROR(VLOOKUP(A9,vlookup_table!$A:$G,5,FALSE),"") -> C1 | Q9: =IFERROR(VLOOKUP(A9,vlookup_table!$A:$G,7,FALSE),"") -> 7 | R9: =IF(O9="","",97-INT(O9/100)) -> 97 | S9: {=IF(P9="","",_xlfn.SWITCH(LEFT(P9,1),"C","Ciudad","T","Pueblo","R","Rural","S","Suburbano","U","Urbano",""))} -> Ciudad | T9: =IF(C9="","",IF(OR(UPPER(C9)="M",UPPER(C9)="MALE"),"M",IF(OR(UPPER(C9)="F",UPPER(C9)="FEMALE",UPPER(C9)="FEAMALE"),"F",C9))) -> M | U9: =IF(OR(UPPER(B9)="CALIFORNIA",UPPER(B9)="CALI"),"CA",B9) -> TX | V9: =SUBSTITUTE(H9,"@","") -> 17872
A10: 173223 | B10: CA | C10: F | E10: 184 | F10: 250 | G10: 0 | H10: 8708 | I10: 2 | J10: 63 | K10: 206 | L10: 235 | M10: 8.8181818 | N10: =IFERROR(VLOOKUP(A10,vlookup_table!$A:$G,2,FALSE),"") -> 0 | O10: =IFERROR(VLOOKUP(A10,vlookup_table!$A:$G,4,FALSE),"") -> 1801 | P10: =IFERROR(VLOOKUP(A10,vlookup_table!$A:$G,5,FALSE),"") -> T2 | Q10: =IFERROR(VLOOKUP(A10,vlookup_table!$A:$G,7,FALSE),"") -> 10 | R10: =IF(O10="","",97-INT(O10/100)) -> 79 | S10: {=IF(P10="","",_xlfn.SWITCH(LEFT(P10,1),"C","Ciudad","T","Pueblo","R","Rural","S","Suburbano","U","Urbano",""))} -> Pueblo | T10: =IF(C10="","",IF(OR(UPPER(C10)="M",UPPER(C10)="MALE"),"M",IF(OR(UPPER(C10)="F",UPPER(C10)="FEMALE",UPPER(C10)="FEAMALE"),"F",C10))) -> F | U10: =IF(OR(UPPER(B10)="CALIFORNIA",UPPER(B10)="CALI"),"CA",B10) -> CA | V10: =SUBSTITUTE(H10,"@","") -> 8708
A11: 157988 | B11: CA | C11: F | D11: AAA2294 | E11: 593 | F11: 617 | G11: 61 | H11: 17838 | I11: 7 | J11: 62 | L11: 619 | M11: 6.6666667 | N11: =IFERROR(VLOOKUP(A11,vlookup_table!$A:$G,2,FALSE),"") -> 28 | O11: =IFERROR(VLOOKUP(A11,vlookup_table!$A:$G,4,FALSE),"") -> 0 | P11: =IFERROR(VLOOKUP(A11,vlookup_table!$A:$G,5,FALSE),"") -> S1 | Q11: =IFERROR(VLOOKUP(A11,vlookup_table!$A:$G,7,FALSE),"") -> 10 | R11: =IF(O11="","",97-INT(O11/100)) -> 97 | S11: {=IF(P11="","",_xlfn.SWITCH(LEFT(P11,1),"C","Ciudad","T","Pueblo","R","Rural","S","Suburbano","U","Urbano",""))} -> Suburbano | T11: =IF(C11="","",IF(OR(UPPER(C11)="M",UPPER(C11)="MALE"),"M",IF(OR(UPPER(C11)="F",UPPER(C11)="FEMALE",UPPER(C11)="FEAMALE"),"F",C11))) -> F | U11: =IF(OR(UPPER(B11)="CALIFORNIA",UPPER(B11)="CALI"),"CA",B11) -> CA | V11: =SUBSTITUTE(H11,"@","") -> 17838
A12: 141720 | B12: NV | C12: F | D12: 1569 | E12: 673 | F12: 781 | G12: 22 | H12: 25775 | I12: 3 | J12: 44 | K12: 672 | L12: 785 | M12: 13 | N12: =IFERROR(VLOOKUP(A12,vlookup_table!$A:$G,2,FALSE),"") -> 28 | O12: =IFERROR(VLOOKUP(A12,vlookup_table!$A:$G,4,FALSE),"") -> 5401 | P12: =IFERROR(VLOOKUP(A12,vlookup_table!$A:$G,5,FALSE),"") -> T1 | Q12: =IFERROR(VLOOKUP(A12,vlookup_table!$A:$G,7,FALSE),"") -> 5 | R12: =IF(O12="","",97-INT(O12/100)) -> 43 | S12: {=IF(P12="","",_xlfn.SWITCH(LEFT(P12,1),"C","Ciudad","T","Pueblo","R","Rural","S","Suburbano","U","Urbano",""))} -> Pueblo | T12: =IF(C12="","",IF(OR(UPPER(C12)="M",UPPER(C12)="MALE"),"M",IF(OR(UPPER(C12)="F",UPPER(C12)="FEMALE",UPPER(C12)="FEAMALE"),"F",C12))) -> F | U12: =IF(OR(UPPER(B12)="CALIFORNIA",UPPER(B12)="CALI"),"CA",B12) -> NV | V12: =SUBSTITUTE(H12,"@","") -> 25775
A13: 186272 | B13: CA | C13: F | D13: 3515 | E13: 521 | F13: 588 | G13: 97 | H13: 20068 | I13: 11 | J13: 54 | K13: 565 | L13: 549 | M13: 8.64 | N13: =IFERROR(VLOOKUP(A13,vlookup_table!$A:$G,2,FALSE),"") -> 2 | O13: =IFERROR(VLOOKUP(A13,vlookup_table!$A:$G,4,FALSE),"") -> 3401 | P13: =IFERROR(VLOOKUP(A13,vlookup_table!$A:$G,5,FALSE),"") -> U1 | Q13: =IFERROR(VLOOKUP(A13,vlookup_table!$A:$G,7,FALSE),"") -> 10 | R13: =IF(O13="","",97-INT(O13/100)) -> 63 | S13: {=IF(P13="","",_xlfn.SWITCH(LEFT(P13,1),"C","Ciudad","T","Pueblo","R","Rural","S","Suburbano","U","Urbano",""))} -> Urbano | T13: =IF(C13="","",IF(OR(UPPER(C13)="M",UPPER(C13)="MALE"),"M",IF(OR(UPPER(C13)="F",UPPER(C13)="FEMALE",UPPER(C13)="FEAMALE"),"F",C13))) -> F | U13: =IF(OR(UPPER(B13)="CALIFORNIA",UPPER(B13)="CALI"),"CA",B13) -> CA | V13: =SUBSTITUTE(H13,"@","") -> 20068
A14: 154301 | B14: Cali | C14: F | D14: 1026 | E14: 459 | F14: 496 | G14: 1 | H14: 13803 | I14: 12 | J14: 52 | K14: 470 | L14: 491 | M14: 11.25 | N14: =IFERROR(VLOOKUP(A14,vlookup_table!$A:$G,2,FALSE),"") -> 2 | O14: =IFERROR(VLOOKUP(A14,vlookup_table!$A:$G,4,FALSE),"") -> 2801 | P14: =IFERROR(VLOOKUP(A14,vlookup_table!$A:$G,5,FALSE),"") -> T2 | Q14: =IFERROR(VLOOKUP(A14,vlookup_table!$A:$G,7,FALSE),"") -> 10 | R14: =IF(O14="","",97-INT(O14/100)) -> 69 | S14: {=IF(P14="","",_xlfn.SWITCH(LEFT(P14,1),"C","Ciudad","T","Pueblo","R","Rural","S","Suburbano","U","Urbano",""))} -> Pueblo | T14: =IF(C14="","",IF(OR(UPPER(C14)="M",UPPER(C14)="MALE"),"M",IF(OR(UPPER(C14)="F",UPPER(C14)="FEMALE",UPPER(C14)="FEAMALE"),"F",C14))) -> F | U14: =IF(OR(UPPER(B14)="CALIFORNIA",UPPER(B14)="CALI"),"CA",B14) -> CA | V14: =SUBSTITUTE(H14,"@","") -> 13803
A15: 189722 | B15: AP | C15: Male | D15: 0 | E15: 0 | F15: 0 | G15: 0 | H15: 0 | I15: 0 | J15: 0 | K15: 0 | L15: 0 | M15: 5.7272727 | N15: =IFERROR(VLOOKUP(A15,vlookup_table!$A:$G,2,FALSE),"") -> 1 | O15: =IFERROR(VLOOKUP(A15,vlookup_table!$A:$G,4,FALSE),"") -> 0 | P15: =IFERROR(VLOOKUP(A15,vlookup_table!$A:$G,5,FALSE),"") -> 0 | Q15: =IFERROR(VLOOKUP(A15,vlookup_table!$A:$G,7,FALSE),"") -> 6 | R15: =IF(O15="","",97-INT(O15/100)) -> 97 | S15: {=IF(P15="","",_xlfn.SWITCH(LEFT(P15,1),"C","Ciudad","T","Pueblo","R","Rural","S","Suburbano","U","Urbano",""))} | T15: =IF(C15="","",IF(OR(UPPER(C15)="M",UPPER(C15)="MALE"),"M",IF(OR(UPPER(C15)="F",UPPER(C15)="FEMALE",UPPER(C15)="FEAMALE"),"F",C15))) -> M | U15: =IF(OR(UPPER(B15)="CALIFORNIA",UPPER(B15)="CALI"),"CA",B15) -> AP | V15: =SUBSTITUTE(H15,"@","") -> 0
A16: 188304 | B16: KS | C16: F | D16: 376 | E16: 263 | F16: 316 | G16: 0 | H16: 10755 | I16: 1 | J16: 75 | K16: 303 | L16: 287 | M16: 10.55 | N16: =IFERROR(VLOOKUP(A16,vlookup_table!$A:$G,2,FALSE),"") -> 0 | O16: =IFERROR(VLOOKUP(A16,vlookup_table!$A:$G,4,FALSE),"") -> 2405 | P16: =IFERROR(VLOOKUP(A16,vlookup_table!$A:$G,5,FALSE),"") -> T2 | Q16: =IFERROR(VLOOKUP(A16,vlookup_table!$A:$G,7,FALSE),"") -> 10 | R16: =IF(O16="","",97-INT(O16/100)) -> 73 | S16: {=IF(P16="","",_xlfn.SWITCH(LEFT(P16,1),"C","Ciudad","T","Pueblo","R","Rural","S","Suburbano","U","Urbano",""))} -> Pueblo | T16: =IF(C16="","",IF(OR(UPPER(C16)="M",UPPER(C16)="MALE"),"M",IF(OR(UPPER(C16)="F",UPPER(C16)="FEMALE",UPPER(C16)="FEAMALE"),"F",C16))) -> F | U16: =IF(OR(UPPER(B16)="CALIFORNIA",UPPER(B16)="CALI"),"CA",B16) -> KS | V16: =SUBSTITUTE(H16,"@","") -> 10755
A17: 73699 | B17: MI | D17: 890 | E17: 463 | F17: 523 | G17: 1 | H17: 9493 | I17: 5 | J17: 53 | K17: 474 | L17: 512 | M17: 11.285714 | N17: =IFERROR(VLOOKUP(A17,vlookup_table!$A:$G,2,FALSE),"") -> 1 | O17: =IFERROR(VLOOKUP(A17,vlookup_table!$A:$G,4,FALSE),"") -> 5102 | P17: =IFERROR(VLOOKUP(A17,vlookup_table!$A:$G,5,FALSE),"") -> S1 | Q17: =IFERROR(VLOOKUP(A17,vlookup_table!$A:$G,7,FALSE),"") -> 15 | R17: =IF(O17="","",97-INT(O17/100)) -> 46 | S17: {=IF(P17="","",_xlfn.SWITCH(LEFT(P17,1),"C","Ciudad","T","Pueblo","R","Rural","S","Suburbano","U","Urbano",""))} -> Suburbano | T17: =IF(C17="","",IF(OR(UPPER(C17)="M",UPPER(C17)="MALE"),"M",IF(OR(UPPER(C17)="F",UPPER(C17)="FEMALE",UPPER(C17)="FEAMALE"),"F",C17))) | U17: =IF(OR(UPPER(B17)="CALIFORNIA",UPPER(B17)="CALI"),"CA",B17) -> MI | V17: =SUBSTITUTE(H17,"@","") -> 9493
A18: 31977 | B18: FL | C18: F | D18: 1513 | E18: 521 | F18: 702 | G18: 31 | H18: 28124 | I18: 3 | J18: 24 | K18: 599 | L18: 615 | M18: 18.5 | N18: =IFERROR(VLOOKUP(A18,vlookup_table!$A:$G,2,FALSE),"") -> 2 | O18: =IFERROR(VLOOKUP(A18,vlookup_table!$A:$G,4,FALSE),"") -> 2701 | P18: =IFERROR(VLOOKUP(A18,vlookup_table!$A:$G,5,FALSE),"") -> T1 | Q18: =IFERROR(VLOOKUP(A18,vlookup_table!$A:$G,7,FALSE),"") -> 28 | R18: =IF(O18="","",97-INT(O18/100)) -> 70 | S18: {=IF(P18="","",_xlfn.SWITCH(LEFT(P18,1),"C","Ciudad","T","Pueblo","R","Rural","S","Suburbano","U","Urbano",""))} -> Pueblo | T18: =IF(C18="","",IF(OR(UPPER(C18)="M",UPPER(C18)="MALE"),"M",IF(OR(UPPER(C18)="F",UPPER(C18)="FEMALE",UPPER(C18)="FEAMALE"),"F",C18))) -> F | U18: =IF(OR(UPPER(B18)="CALIFORNIA",UPPER(B18)="CALI"),"CA",B18) -> FL | V18: =SUBSTITUTE(H18,"@","") -> 28124
A19: 44336 | B19: FL | C19: F | D19: 948 | E19: 330 | F19: 411 | G19: 4 | H19: 17728 | I19: 6 | J19: 8 | K19: 365 | L19: 368 | M19: 15 | N19: =IFERROR(VLOOKUP(A19,vlookup_table!$A:$G,2,FALSE),"") -> 0 | O19: =IFERROR(VLOOKUP(A19,vlookup_table!$A:$G,4,FALSE),"") -> 6501 | P19: =IFERROR(VLOOKUP(A19,vlookup_table!$A:$G,5,FALSE),"") -> C2 | Q19: =IFERROR(VLOOKUP(A19,vlookup_table!$A:$G,7,FALSE),"") -> 15 | R19: =IF(O19="","",97-INT(O19/100)) -> 32 | S19: {=IF(P19="","",_xlfn.SWITCH(LEFT(P19,1),"C","Ciudad","T","Pueblo","R","Rural","S","Suburbano","U","Urbano",""))} -> Ciudad | T19: =IF(C19="","",IF(OR(UPPER(C19)="M",UPPER(C19)="MALE"),"M",IF(OR(UPPER(C19)="F",UPPER(C19)="FEMALE",UPPER(C19)="FEAMALE"),"F",C19))) -> F | U19: =IF(OR(UPPER(B19)="CALIFORNIA",UPPER(B19)="CALI"),"CA",B19) -> FL | V19: =SUBSTITUTE(H19,"@","") -> 17728
A20: 127823 | B20: TX | C20: F | D20: 258 | E20: 64 | F20: 74 | G20: 0 | H20: 4236 | I20: 0 | J20: 94 | K20: 60 | L20: 93 | M20: 5.45 | N20: =IFERROR(VLOOKUP(A20,vlookup_table!$A:$G,2,FALSE),"") -> 2 | O20: =IFERROR(VLOOKUP(A20,vlookup_table!$A:$G,4,FALSE),"") -> 2301 | P20: =IFERROR(VLOOKUP(A20,vlookup_table!$A:$G,5,FALSE),"") -> C3 | Q20: =IFERROR(VLOOKUP(A20,vlookup_table!$A:$G,7,FALSE),"") -> 6 | R20: =IF(O20="","",97-INT(O20/100)) -> 74 | S20: {=IF(P20="","",_xlfn.SWITCH(LEFT(P20,1),"C","Ciudad","T","Pueblo","R","Rural","S","Suburbano","U","Urbano",""))} -> Ciudad | T20: =IF(C20="","",IF(OR(UPPER(C20)="M",UPPER(C20)="MALE"),"M",IF(OR(UPPER(C20)="F",UPPER(C20)="FEMALE",UPPER(C20)="FEAMALE"),"F",C20))) -> F | U20: =IF(OR(UPPER(B20)="CALIFORNIA",UPPER(B20)="CALI"),"CA",B20) -> TX | V20: =SUBSTITUTE(H20,"@","") -> 4236
A21: 150739 | B21: CA | C21: U | D21: 1951 | E21: 556 | F21: 625 | G21: 44 | H21: 17208 | I21: 10 | J21: 66 | K21: 578 | L21: 619 | M21: 9.6818182 | N21: =IFERROR(VLOOKUP(A21,vlookup_table!$A:$G,2,FALSE),"") -> 2 | O21: =IFERROR(VLOOKUP(A21,vlookup_table!$A:$G,4,FALSE),"") -> 5410 | P21: =IFERROR(VLOOKUP(A21,vlookup_table!$A:$G,5,FALSE),"") -> S1 | Q21: =IFERROR(VLOOKUP(A21,vlookup_table!$A:$G,7,FALSE),"") -> 12 | R21: =IF(O21="","",97-INT(O21/100)) -> 43 | S21: {=IF(P21="","",_xlfn.SWITCH(LEFT(P21,1),"C","Ciudad","T","Pueblo","R","Rural","S","Suburbano","U","Urbano",""))} -> Suburbano | T21: =IF(C21="","",IF(OR(UPPER(C21)="M",UPPER(C21)="MALE"),"M",IF(OR(UPPER(C21)="F",UPPER(C21)="FEMALE",UPPER(C21)="FEAMALE"),"F",C21))) -> U | U21: =IF(OR(UPPER(B21)="CALIFORNIA",UPPER(B21)="CALI"),"CA",B21) -> CA | V21: =SUBSTITUTE(H21,"@","") -> 17208
A22: 41384 | B22: FL | C22: F | D22: 556 | E22: 318 | G22: 0 | H22: 11779 | I22: 16 | J22: 22 | K22: 358 | L22: 320 | M22: 9.4285714 | N22: =IFERROR(VLOOKUP(A22,vlookup_table!$A:$G,2,FALSE),"") -> 28 | O22: =IFERROR(VLOOKUP(A22,vlookup_table!$A:$G,4,FALSE),"") -> 5107 | P22: =IFERROR(VLOOKUP(A22,vlookup_table!$A:$G,5,FALSE),"") -> S3 | Q22: =IFERROR(VLOOKUP(A22,vlookup_table!$A:$G,7,FALSE),"") -> 12 | R22: =IF(O22="","",97-INT(O22/100)) -> 46 | S22: {=IF(P22="","",_xlfn.SWITCH(LEFT(P22,1),"C","Ciudad","T","Pueblo","R","Rural","S","Suburbano","U","Urbano",""))} -> Suburbano | T22: =IF(C22="","",IF(OR(UPPER(C22)="M",UPPER(C22)="MALE"),"M",IF(OR(UPPER(C22)="F",UPPER(C22)="FEMALE",UPPER(C22)="FEAMALE"),"F",C22))) -> F | U22: =IF(OR(UPPER(B22)="CALIFORNIA",UPPER(B22)="CALI"),"CA",B22) -> FL | V22: =SUBSTITUTE(H22,"@","") -> 11779
A23: 114721 | B23: OK | D23: 1040 | E23: 472 | F23: 656 | G23: 0 | H23: 26962 | I23: 2 | J23: 56 | K23: 609 | L23: 579 | M23: 11.666667 | N23: =IFERROR(VLOOKUP(A23,vlookup_table!$A:$G,2,FALSE),"") -> 0 | O23: =IFERROR(VLOOKUP(A23,vlookup_table!$A:$G,4,FALSE),"") -> 0 | P23: =IFERROR(VLOOKUP(A23,vlookup_table!$A:$G,5,FALSE),"") -> C2 | Q23: =IFERROR(VLOOKUP(A23,vlookup_table!$A:$G,7,FALSE),"") -> 15 | R23: =IF(O23="","",97-INT(O23/100)) -> 97 | S23: {=IF(P23="","",_xlfn.SWITCH(LEFT(P23,1),"C","Ciudad","T","Pueblo","R","Rural","S","Suburbano","U","Urbano",""))} -> Ciudad | T23: =IF(C23="","",IF(OR(UPPER(C23)="M",UPPER(C23)="MALE"),"M",IF(OR(UPPER(C23)="F",UPPER(C23)="FEMALE",UPPER(C23)="FEAMALE"),"F",C23))) | U23: =IF(OR(UPPER(B23)="CALIFORNIA",UPPER(B23)="CALI"),"CA",B23) -> OK | V23: =SUBSTITUTE(H23,"@","") -> 26962
A24: 111795 | B24: AR | D24: 603 | E24: 208 | F24: 341 | G24: 2 | H24: 12038 | I24: 1 | J24: 70 | K24: 264 | L24: 288 | M24: 5 | N24: =IFERROR(VLOOKUP(A24,vlookup_table!$A:$G,2,FALSE),"") -> 0 | O24: =IFERROR(VLOOKUP(A24,vlookup_table!$A:$G,4,FALSE),"") -> 0 | P24: =IFERROR(VLOOKUP(A24,vlookup_table!$A:$G,5,FALSE),"") -> 0 | Q24: =IFERROR(VLOOKUP(A24,vlookup_table!$A:$G,7,FALSE),"") -> 5 | R24: =IF(O24="","",97-INT(O24/100)) -> 97 | S24: {=IF(P24="","",_xlfn.SWITCH(LEFT(P24,1),"C","Ciudad","T","Pueblo","R","Rural","S","Suburbano","U","Urbano",""))} | T24: =IF(C24="","",IF(OR(UPPER(C24)="M",UPPER(C24)="MALE"),"M",IF(OR(UPPER(C24)="F",UPPER(C24)="FEMALE",UPPER(C24)="FEAMALE"),"F",C24))) | U24: =IF(OR(UPPER(B24)="CALIFORNIA",UPPER(B24)="CALI"),"CA",B24) -> AR | V24: =SUBSTITUTE(H24,"@","") -> 12038
A25: 64480 | B25: IN | C25: F | D25: 526 | E25: 277 | F25: 370 | G25: 1 | H25: 12826 | I25: 1 | J25: 80 | K25: 336 | L25: 317 | M25: 7.1428571 | N25: =IFERROR(VLOOKUP(A25,vlookup_table!$A:$G,2,FALSE),"") -> 28 | O25: =IFERROR(VLOOKUP(A25,vlookup_table!$A:$G,4,FALSE),"") -> 0 | P25: =IFERROR(VLOOKUP(A25,vlookup_table!$A:$G,5,FALSE),"") -> T2 | Q25: =IFERROR(VLOOKUP(A25,vlookup_table!$A:$G,7,FALSE),"") -> 10 | R25: =IF(O25="","",97-INT(O25/100)) -> 97 | S25: {=IF(P25="","",_xlfn.SWITCH(LEFT(P25,1),"C","Ciudad","T","Pueblo","R","Rural","S","Suburbano","U","Urbano",""))} -> Pueblo | T25: =IF(C25="","",IF(OR(UPPER(C25)="M",UPPER(C25)="MALE"),"M",IF(OR(UPPER(C25)="F",UPPER(C25)="FEMALE",UPPER(C25)="FEAMALE"),"F",C25))) -> F | U25: =IF(OR(UPPER(B25)="CALIFORNIA",UPPER(B25)="CALI"),"CA",B25) -> IN | V25: =SUBSTITUTE(H25,"@","") -> 12826
A26: 87259 | B26: MT | C26: M | D26: 717 | E26: 302 | F26: 432 | G26: 1 | H26: 15614 | I26: 1 | J26: 53 | K26: 458 | L26: 349 | M26: 9.7 | N26: =IFERROR(VLOOKUP(A26,vlookup_table!$A:$G,2,FALSE),"") -> 2 | O26: =IFERROR(VLOOKUP(A26,vlookup_table!$A:$G,4,FALSE),"") -> 4304 | P26: =IFERROR(VLOOKUP(A26,vlookup_table!$A:$G,5,FALSE),"") -> C1 | Q26: =IFERROR(VLOOKUP(A26,vlookup_table!$A:$G,7,FALSE),"") -> 25 | R26: =IF(O26="","",97-INT(O26/100)) -> 54 | S26: {=IF(P26="","",_xlfn.SWITCH(LEFT(P26,1),"C","Ciudad","T","Pueblo","R","Rural","S","Suburbano","U","Urbano",""))} -> Ciudad | T26: =IF(C26="","",IF(OR(UPPER(C26)="M",UPPER(C26)="MALE"),"M",IF(OR(UPPER(C26)="F",UPPER(C26)="FEMALE",UPPER(C26)="FEAMALE"),"F",C26))) -> M | U26: =IF(OR(UPPER(B26)="CALIFORNIA",UPPER(B26)="CALI"),"CA",B26) -> MT | V26: =SUBSTITUTE(H26,"@","") -> 15614
A27: 115823 | B27: TX | C27: M | D27: 1011 | E27: 593 | F27: 650 | G27: 1 | H27: 17606 | I27: 5 | J27: 61 | K27: 588 | L27: 650 | M27: 6.5 | N27: =IFERROR(VLOOKUP(A27,vlookup_table!$A:$G,2,FALSE),"") -> 0 | O27: =IFERROR(VLOOKUP(A27,vlookup_table!$A:$G,4,FALSE),"") -> 0 | P27: =IFERROR(VLOOKUP(A27,vlookup_table!$A:$G,5,FALSE),"") -> S1 | Q27: =IFERROR(VLOOKUP(A27,vlookup_table!$A:$G,7,FALSE),"") -> 15 | R27: =IF(O27="","",97-INT(O27/100)) -> 97 | S27: {=IF(P27="","",_xlfn.SWITCH(LEFT(P27,1),"C","Ciudad","T","Pueblo","R","Rural","S","Suburbano","U","Urbano",""))} -> Suburbano | T27: =IF(C27="","",IF(OR(UPPER(C27)="M",UPPER(C27)="MALE"),"M",IF(OR(UPPER(C27)="F",UPPER(C27)="FEMALE",UPPER(C27)="FEAMALE"),"F",C27))) -> M | U27: =IF(OR(UPPER(B27)="CALIFORNIA",UPPER(B27)="CALI"),"CA",B27) -> TX | V27: =SUBSTITUTE(H27,"@","") -> 17606
A28: 95701 | B28: IL | C28: M | D28: 1063 | E28: 255 | F28: 317 | G28: 3 | H28: 14023 | I28: 16 | J28: 53 | K28: 260 | L28: 312 | M28: 8.3727907 | N28: =IFERROR(VLOOKUP(A28,vlookup_table!$A:$G,2,FALSE),"") -> 1 | O28: =IFERROR(VLOOKUP(A28,vlookup_table!$A:$G,4,FALSE),"") -> 4406 | P28: =IFERROR(VLOOKUP(A28,vlookup_table!$A:$G,5,FALSE),"") -> S2 | Q28: =IFERROR(VLOOKUP(A28,vlookup_table!$A:$G,7,FALSE),"") -> 5 | R28: =IF(O28="","",97-INT(O28/100)) -> 53 | S28: {=IF(P28="","",_xlfn.SWITCH(LEFT(P28,1),"C","Ciudad","T","Pueblo","R","Rural","S","Suburbano","U","Urbano",""))} -> Suburbano | T28: =IF(C28="","",IF(OR(UPPER(C28)="M",UPPER(C28)="MALE"),"M",IF(OR(UPPER(C28)="F",UPPER(C28)="FEMALE",UPPER(C28)="FEAMALE"),"F",C28))) -> M | U28: =IF(OR(UPPER(B28)="CALIFORNIA",UPPER(B28)="CALI"),"CA",B28) -> IL | V28: =SUBSTITUTE(H28,"@","") -> 14023
A29: 5172 | B29: IL | C29: M | D29: 291 | E29: 136 | F29: 212 | G29: 0 | H29: 8370 | I29: 5 | J29: 67 | K29: 168 | L29: 180 | M29: 10.611111 | N29: =IFERROR(VLOOKUP(A29,vlookup_table!$A:$G,2,FALSE),"") -> 1 | O29: =IFERROR(VLOOKUP(A29,vlookup_table!$A:$G,4,FALSE),"") -> 6105 | P29: =IFERROR(VLOOKUP(A29,vlookup_table!$A:$G,5,FALSE),"") -> R3 | Q29: =IFERROR(VLOOKUP(A29,vlookup_table!$A:$G,7,FALSE),"") -> 10 | R29: =IF(O29="","",97-INT(O29/100)) -> 36 | S29: {=IF(P29="","",_xlfn.SWITCH(LEFT(P29,1),"C","Ciudad","T","Pueblo","R","Rural","S","Suburbano","U","Urbano",""))} -> Rural | T29: =IF(C29="","",IF(OR(UPPER(C29)="M",UPPER(C29)="MALE"),"M",IF(OR(UPPER(C29)="F",UPPER(C29)="FEMALE",UPPER(C29)="FEAMALE"),"F",C29))) -> M | U29: =IF(OR(UPPER(B29)="CALIFORNIA",UPPER(B29)="CALI"),"CA",B29) -> IL | V29: =SUBSTITUTE(H29,"@","") -> 8370
A30: 152486 | B30: CA | C30: M | D30: 1538 | E30: 271 | F30: 393 | G30: 11 | H30: 15627 | I30: 5 | J30: 49 | K30: 317 | L30: 342 | M30: 5.5 | N30: =IFERROR(VLOOKUP(A30,vlookup_table!$A:$G,2,FALSE),"") -> 1 | O30: =IFERROR(VLOOKUP(A30,vlookup_table!$A:$G,4,FALSE),"") -> 2401 | P30: =IFERROR(VLOOKUP(A30,vlookup_table!$A:$G,5,FALSE),"") -> S2 | Q30: =IFERROR(VLOOKUP(A30,vlookup_table!$A:$G,7,FALSE),"") -> 5 | R30: =IF(O30="","",97-INT(O30/100)) -> 73 | S30: {=IF(P30="","",_xlfn.SWITCH(LEFT(P30,1),"C","Ciudad","T","Pueblo","R","Rural","S","Suburbano","U","Urbano",""))} -> Suburbano | T30: =IF(C30="","",IF(OR(UPPER(C30)="M",UPPER(C30)="MALE"),"M",IF(OR(UPPER(C30)="F",UPPER(C30)="FEMALE",UPPER(C30)="FEAMALE"),"F",C30))) -> M | U30: =IF(OR(UPPER(B30)="CALIFORNIA",UPPER(B30)="CALI"),"CA",B30) -> CA | V30: =SUBSTITUTE(H30,"@","") -> 15627
A31: 153880 | B31: WI | C31: F | D31: 592 | E31: 244 | F31: 392 | G31: 1 | H31: 12220 | I31: 3 | J31: 74 | K31: 341 | L31: 306 | M31: 12.5 | N31: =IFERROR(VLOOKUP(A31,vlookup_table!$A:$G,2,FALSE),"") -> 2 | O31: =IFERROR(VLOOKUP(A31,vlookup_table!$A:$G,4,FALSE),"") -> 5001 | P31: =IFERROR(VLOOKUP(A31,vlookup_table!$A:$G,5,FALSE),"") -> S1 | Q31: =IFERROR(VLOOKUP(A31,vlookup_table!$A:$G,7,FALSE),"") -> 5 | R31: =IF(O31="","",97-INT(O31/100)) -> 47 | S31: {=IF(P31="","",_xlfn.SWITCH(LEFT(P31,1),"C","Ciudad","T","Pueblo","R","Rural","S","Suburbano","U","Urbano",""))} -> Suburbano | T31: =IF(C31="","",IF(OR(UPPER(C31)="M",UPPER(C31)="MALE"),"M",IF(OR(UPPER(C31)="F",UPPER(C31)="FEMALE",UPPER(C31)="FEAMALE"),"F",C31))) -> F | U31: =IF(OR(UPPER(B31)="CALIFORNIA",UPPER(B31)="CALI"),"CA",B31) -> WI | V31: =SUBSTITUTE(H31,"@","") -> 12220
A32: 101855 | B32: MO | C32: M | D32: 871 | E32: 340 | F32: 416 | G32: 6 | H32: 15336 | I32: 0 | J32: 71 | K32: 385 | L32: 365 | M32: 7.8571429 | N32: =IFERROR(VLOOKUP(A32,vlookup_table!$A:$G,2,FALSE),"") -> 1 | O32: =IFERROR(VLOOKUP(A32,vlookup_table!$A:$G,4,FALSE),"") -> 2401 | P32: =IFERROR(VLOOKUP(A32,vlookup_table!$A:$G,5,FALSE),"") -> C2 | Q32: =IFERROR(VLOOKUP(A32,vlookup_table!$A:$G,7,FALSE),"") -> 10 | R32: =IF(O32="","",97-INT(O32/100)) -> 73 | S32: {=IF(P32="","",_xlfn.SWITCH(LEFT(P32,1),"C","Ciudad","T","Pueblo","R","Rural","S","Suburbano","U","Urbano",""))} -> Ciudad | T32: =IF(C32="","",IF(OR(UPPER(C32)="M",UPPER(C32)="MALE"),"M",IF(OR(UPPER(C32)="F",UPPER(C32)="FEMALE",UPPER(C32)="FEAMALE"),"F",C32))) -> M | U32: =IF(OR(UPPER(B32)="CALIFORNIA",UPPER(B32)="CALI"),"CA",B32) -> MO | V32: =SUBSTITUTE(H32,"@","") -> 15336
A33: 62932 | B33: IN | C33: M | D33: 403 | E33: 174 | F33: 264 | G33: 1 | H33: 9704 | I33: 0 | J33: 45 | K33: 240 | L33: 201 | M33: 8 | N33: =IFERROR(VLOOKUP(A33,vlookup_table!$A:$G,2,FALSE),"") -> 1 | O33: =IFERROR(VLOOKUP(A33,vlookup_table!$A:$G,4,FALSE),"") -> 0 | P33: =IFERROR(VLOOKUP(A33,vlookup_table!$A:$G,5,FALSE),"") -> S3 | Q33: =IFERROR(VLOOKUP(A33,vlookup_table!$A:$G,7,FALSE),"") -> 10 | R33: =IF(O33="","",97-INT(O33/100)) -> 97 | S33: {=IF(P33="","",_xlfn.SWITCH(LEFT(P33,1),"C","Ciudad","T","Pueblo","R","Rural","S","Suburbano","U","Urbano",""))} -> Suburbano | T33: =IF(C33="","",IF(OR(UPPER(C33)="M",UPPER(C33)="MALE"),"M",IF(OR(UPPER(C33)="F",UPPER(C33)="FEMALE",UPPER(C33)="FEAMALE"),"F",C33))) -> M | U33: =IF(OR(UPPER(B33)="CALIFORNIA",UPPER(B33)="CALI"),"CA",B33) -> IN | V33: =SUBSTITUTE(H33,"@","") -> 9704
A34: 125930 | B34: TX | C34: F | D34: 715 | E34: 339 | F34: 396 | G34: 1 | H34: 12617 | I34: 3 | J34: 88 | K34: 378 | L34: 371 | M34: 6 | N34: =IFERROR(VLOOKUP(A34,vlookup_table!$A:$G,2,FALSE),"") -> 0 | O34: =IFERROR(VLOOKUP(A34,vlookup_table!$A:$G,4,FALSE),"") -> 4806 | P34: =IFERROR(VLOOKUP(A34,vlookup_table!$A:$G,5,FALSE),"") -> R2 | Q34: =IFERROR(VLOOKUP(A34,vlookup_table!$A:$G,7,FALSE),"") -> 7.5 | R34: =IF(O34="","",97-INT(O34/100)) -> 49 | S34: {=IF(P34="","",_xlfn.SWITCH(LEFT(P34,1),"C","Ciudad","T","Pueblo","R","Rural","S","Suburbano","U","Urbano",""))} -> Rural | T34: =IF(C34="","",IF(OR(UPPER(C34)="M",UPPER(C34)="MALE"),"M",IF(OR(UPPER(C34)="F",UPPER(C34)="FEMALE",UPPER(C34)="FEAMALE"),"F",C34))) -> F | U34: =IF(OR(UPPER(B34)="CALIFORNIA",UPPER(B34)="CALI"),"CA",B34) -> TX | V34: =SUBSTITUTE(H34,"@","") -> 12617
A35: 173653 | B35: HI | C35: F | D35: 2346 | E35: 420 | F35: 503 | G35: 67 | H35: 14552 | I35: 5 | J35: 78 | K35: 446 | L35: 468 | M35: 15.5 | N35: =IFERROR(VLOOKUP(A35,vlookup_table!$A:$G,2,FALSE),"") -> 28 | O35: =IFERROR(VLOOKUP(A35,vlookup_table!$A:$G,4,FALSE),"") -> 2401 | P35: =IFERROR(VLOOKUP(A35,vlookup_table!$A:$G,5,FALSE),"") -> C2 | Q35: =IFERROR(VLOOKUP(A35,vlookup_table!$A:$G,7,FALSE),"") -> 21 | R35: =IF(O35="","",97-INT(O35/100)) -> 73 | S35: {=IF(P35="","",_xlfn.SWITCH(LEFT(P35,1),"C","Ciudad","T","Pueblo","R","Rural","S","Suburbano","U","Urbano",""))} -> Ciudad | T35: =IF(C35="","",IF(OR(UPPER(C35)="M",UPPER(C35)="MALE"),"M",IF(OR(UPPER(C35)="F",UPPER(C35)="FEMALE",UPPER(C35)="FEAMALE"),"F",C35))) -> F | U35: =IF(OR(UPPER(B35)="CALIFORNIA",UPPER(B35)="CALI"),"CA",B35) -> HI | V35: =SUBSTITUTE(H35,"@","") -> 14552
A36: 11011 | B36: FL | C36: M | D36: 559 | E36: 232 | F36: 269 | G36: 0 | H36: 10511 | I36: 11 | J36: 20 | K36: 270 | L36: 257 | M36: 12.611111 | N36: =IFERROR(VLOOKUP(A36,vlookup_table!$A:$G,2,FALSE),"") -> 1002 | O36: =IFERROR(VLOOKUP(A36,vlookup_table!$A:$G,4,FALSE),"") -> 2601 | P36: =IFERROR(VLOOKUP(A36,vlookup_table!$A:$G,5,FALSE),"") -> S3 | Q36: =IFERROR(VLOOKUP(A36,vlookup_table!$A:$G,7,FALSE),"") -> 20 | R36: =IF(O36="","",97-INT(O36/100)) -> 71 | S36: {=IF(P36="","",_xlfn.SWITCH(LEFT(P36,1),"C","Ciudad","T","Pueblo","R","Rural","S","Suburbano","U","Urbano",""))} -> Suburbano | T36: =IF(C36="","",IF(OR(UPPER(C36)="M",UPPER(C36)="MALE"),"M",IF(OR(UPPER(C36)="F",UPPER(C36)="FEMALE",UPPER(C36)="FEAMALE"),"F",C36))) -> M | U36: =IF(OR(UPPER(B36)="CALIFORNIA",UPPER(B36)="CALI"),"CA",B36) -> FL | V36: =SUBSTITUTE(H36,"@","") -> 10511
A37: 116894 | B37: TX | C37: M | E37: 368 | F37: 531 | G37: 5 | H37: 33797 | I37: 2 | J37: 42 | K37: 457 | L37: 450 | M37: 12.25 | N37: =IFERROR(VLOOKUP(A37,vlookup_table!$A:$G,2,FALSE),"") -> 1 | O37: =IFERROR(VLOOKUP(A37,vlookup_table!$A:$G,4,FALSE),"") -> 2201 | P37: =IFERROR(VLOOKUP(A37,vlookup_table!$A:$G,5,FALSE),"") -> U1 | Q37: =IFERROR(VLOOKUP(A37,vlookup_table!$A:$G,7,FALSE),"") -> 20 | R37: =IF(O37="","",97-INT(O37/100)) -> 75 | S37: {=IF(P37="","",_xlfn.SWITCH(LEFT(P37,1),"C","Ciudad","T","Pueblo","R","Rural","S","Suburbano","U","Urbano",""))} -> Urbano | T37: =IF(C37="","",IF(OR(UPPER(C37)="M",UPPER(C37)="MALE"),"M",IF(OR(UPPER(C37)="F",UPPER(C37)="FEMALE",UPPER(C37)="FEAMALE"),"F",C37))) -> M | U37: =IF(OR(UPPER(B37)="CALIFORNIA",UPPER(B37)="CALI"),"CA",B37) -> TX | V37: =SUBSTITUTE(H37,"@","") -> 33797
A38: 154245 | B38: CA | C38: F | D38: 596 | E38: 164 | F38: 190 | G38: 0 | H38: 5273 | I38: 23 | J38: 57 | K38: 168 | L38: 181 | M38: 16.5 | N38: =IFERROR(VLOOKUP(A38,vlookup_table!$A:$G,2,FALSE),"") -> 2 | O38: =IFERROR(VLOOKUP(A38,vlookup_table!$A:$G,4,FALSE),"") -> 4304 | P38: =IFERROR(VLOOKUP(A38,vlookup_table!$A:$G,5,FALSE),"") -> R1 | Q38: =IFERROR(VLOOKUP(A38,vlookup_table!$A:$G,7,FALSE),"") -> 15 | R38: =IF(O38="","",97-INT(O38/100)) -> 54 | S38: {=IF(P38="","",_xlfn.SWITCH(LEFT(P38,1),"C","Ciudad","T","Pueblo","R","Rural","S","Suburbano","U","Urbano",""))} -> Rural | T38: =IF(C38="","",IF(OR(UPPER(C38)="M",UPPER(C38)="MALE"),"M",IF(OR(UPPER(C38)="F",UPPER(C38)="FEMALE",UPPER(C38)="FEAMALE"),"F",C38))) -> F | U38: =IF(OR(UPPER(B38)="CALIFORNIA",UPPER(B38)="CALI"),"CA",B38) -> CA | V38: =SUBSTITUTE(H38,"@","") -> 5273
A39: 134773 | B39: UT | C39: M | D39: 706 | E39: 362 | F39: 394 | G39: 1 | H39: 10420 | I39: 1 | J39: 82 | K39: 376 | L39: 379 | M39: 15 | N39: =IFERROR(VLOOKUP(A39,vlookup_table!$A:$G,2,FALSE),"") -> 1 | O39: =IFERROR(VLOOKUP(A39,vlookup_table!$A:$G,4,FALSE),"") -> 3201 | P39: =IFERROR(VLOOKUP(A39,vlookup_table!$A:$G,5,FALSE),"") -> C3 | Q39: =IFERROR(VLOOKUP(A39,vlookup_table!$A:$G,7,FALSE),"") -> 25 | R39: =IF(O39="","",97-INT(O39/100)) -> 65 | S39: {=IF(P39="","",_xlfn.SWITCH(LEFT(P39,1),"C","Ciudad","T","Pueblo","R","Rural","S","Suburbano","U","Urbano",""))} -> Ciudad | T39: =IF(C39="","",IF(OR(UPPER(C39)="M",UPPER(C39)="MALE"),"M",IF(OR(UPPER(C39)="F",UPPER(C39)="FEMALE",UPPER(C39)="FEAMALE"),"F",C39))) -> M | U39: =IF(OR(UPPER(B39)="CALIFORNIA",UPPER(B39)="CALI"),"CA",B39) -> UT | V39: =SUBSTITUTE(H39,"@","") -> 10420
A40: 26271 | B40: GA | C40: F | D40: 878 | E40: 310 | F40: 588 | G40: 30 | H40: 22281 | I40: 4 | J40: 55 | K40: 517 | L40: 433 | M40: 10.133333 | N40: =IFERROR(VLOOKUP(A40,vlookup_table!$A:$G,2,FALSE),"") -> 28 | O40: =IFERROR(VLOOKUP(A40,vlookup_table!$A:$G,4,FALSE),"") -> 3701 | P40: =IFERROR(VLOOKUP(A40,vlookup_table!$A:$G,5,FALSE),"") -> C2 | Q40: =IFERROR(VLOOKUP(A40,vlookup_table!$A:$G,7,FALSE),"") -> 16 | R40: =IF(O40="","",97-INT(O40/100)) -> 60 | S40: {=IF(P40="","",_xlfn.SWITCH(LEFT(P40,1),"C","Ciudad","T","Pueblo","R","Rural","S","Suburbano","U","Urbano",""))} -> Ciudad | T40: =IF(C40="","",IF(OR(UPPER(C40)="M",UPPER(C40)="MALE"),"M",IF(OR(UPPER(C40)="F",UPPER(C40)="FEMALE",UPPER(C40)="FEAMALE"),"F",C40))) -> F | U40: =IF(OR(UPPER(B40)="CALIFORNIA",UPPER(B40)="CALI"),"CA",B40) -> GA | V40: =SUBSTITUTE(H40,"@","") -> 22281
A41: 180292 | B41: WA | C41: F | D41: 1275 | E41: 405 | F41: 545 | G41: 21 | H41: 20971 | I41: 6 | J41: 51 | K41: 453 | L41: 500 | M41: 6.6 | N41: =IFERROR(VLOOKUP(A41,vlookup_table!$A:$G,2,FALSE),"") -> 28 | O41: =IFERROR(VLOOKUP(A41,vlookup_table!$A:$G,4,FALSE),"") -> 2105 | P41: =IFERROR(VLOOKUP(A41,vlookup_table!$A:$G,5,FALSE),"") -> C2 | Q41: =IFERROR(VLOOKUP(A41,vlookup_table!$A:$G,7,FALSE),"") -> 10 | R41: =IF(O41="","",97-INT(O41/100)) -> 76 | S41: {=IF(P41="","",_xlfn.SWITCH(LEFT(P41,1),"C","Ciudad","T","Pueblo","R","Rural","S","Suburbano","U","Urbano",""))} -> Ciudad | T41: =IF(C41="","",IF(OR(UPPER(C41)="M",UPPER(C41)="MALE"),"M",IF(OR(UPPER(C41)="F",UPPER(C41)="FEMALE",UPPER(C41)="FEAMALE"),"F",C41))) -> F | U41: =IF(OR(UPPER(B41)="CALIFORNIA",UPPER(B41)="CALI"),"CA",B41) -> WA | V41: =SUBSTITUTE(H41,"@","") -> 20971
A42: 10145 | B42: CA | C42: F | D42: 2362 | E42: 613 | F42: 678 | G42: 74 | H42: 21179 | I42: 9 | J42: 61 | K42: 632 | L42: 655 | M42: 8.9285714 | N42: =IFERROR(VLOOKUP(A42,vlookup_table!$A:$G,2,FALSE),"") -> 2 | O42: =IFERROR(VLOOKUP(A42,vlookup_table!$A:$G,4,FALSE),"") -> 5401 | P42: =IFERROR(VLOOKUP(A42,vlookup_table!$A:$G,5,FALSE),"") -> C1 | Q42: =IFERROR(VLOOKUP(A42,vlookup_table!$A:$G,7,FALSE),"") -> 5 | R42: =IF(O42="","",97-INT(O42/100)) -> 43 | S42: {=IF(P42="","",_xlfn.SWITCH(LEFT(P42,1),"C","Ciudad","T","Pueblo","R","Rural","S","Suburbano","U","Urbano",""))} -> Ciudad | T42: =IF(C42="","",IF(OR(UPPER(C42)="M",UPPER(C42)="MALE"),"M",IF(OR(UPPER(C42)="F",UPPER(C42)="FEMALE",UPPER(C42)="FEAMALE"),"F",C42))) -> F | U42: =IF(OR(UPPER(B42)="CALIFORNIA",UPPER(B42)="CALI"),"CA",B42) -> CA | V42: =SUBSTITUTE(H42,"@","") -> 21179
A43: 133806 | B43: ID | C43: U | D43: 718 | E43: 226 | F43: 357 | G43: 0 | H43: 17292 | I43: 0 | J43: 39 | K43: 280 | L43: 278 | M43: 20 | N43: =IFERROR(VLOOKUP(A43,vlookup_table!$A:$G,2,FALSE),"") -> 0 | O43: =IFERROR(VLOOKUP(A43,vlookup_table!$A:$G,4,FALSE),"") -> 0 | P43: =IFERROR(VLOOKUP(A43,vlookup_table!$A:$G,5,FALSE),"") -> T2 | Q43: =IFERROR(VLOOKUP(A43,vlookup_table!$A:$G,7,FALSE),"") -> 15 | R43: =IF(O43="","",97-INT(O43/100)) -> 97 | S43: {=IF(P43="","",_xlfn.SWITCH(LEFT(P43,1),"C","Ciudad","T","Pueblo","R","Rural","S","Suburbano","U","Urbano",""))} -> Pueblo | T43: =IF(C43="","",IF(OR(UPPER(C43)="M",UPPER(C43)="MALE"),"M",IF(OR(UPPER(C43)="F",UPPER(C43)="FEMALE",UPPER(C43)="FEAMALE"),"F",C43))) -> U | U43: =IF(OR(UPPER(B43)="CALIFORNIA",UPPER(B43)="CALI"),"CA",B43) -> ID | V43: =SUBSTITUTE(H43,"@","") -> 17292
A44: 112632 | B44: CT | C44: M | D44: 2531 | E44: 669 | F44: 750 | G44: 77 | H44: 21094 | I44: 6 | J44: 51 | K44: 730 | L44: 696 | M44: 8.2727273 | N44: =IFERROR(VLOOKUP(A44,vlookup_table!$A:$G,2,FALSE),"") -> 2 | O44: =IFERROR(VLOOKUP(A44,vlookup_table!$A:$G,4,FALSE),"") -> 5001 | P44: =IFERROR(VLOOKUP(A44,vlookup_table!$A:$G,5,FALSE),"") -> 0 | Q44: =IFERROR(VLOOKUP(A44,vlookup_table!$A:$G,7,FALSE),"") -> 11 | R44: =IF(O44="","",97-INT(O44/100)) -> 47 | S44: {=IF(P44="","",_xlfn.SWITCH(LEFT(P44,1),"C","Ciudad","T","Pueblo","R","Rural","S","Suburbano","U","Urbano",""))} | T44: =IF(C44="","",IF(OR(UPPER(C44)="M",UPPER(C44)="MALE"),"M",IF(OR(UPPER(C44)="F",UPPER(C44)="FEMALE",UPPER(C44)="FEAMALE"),"F",C44))) -> M | U44: =IF(OR(UPPER(B44)="CALIFORNIA",UPPER(B44)="CALI"),"CA",B44) -> CT | V44: =SUBSTITUTE(H44,"@","") -> 21094
A45: 143253 | B45: CA | C45: F | D45: 2089 | E45: 275 | F45: 356 | G45: 56 | H45: 10484 | I45: 53 | J45: 36 | K45: 296 | L45: 322 | M45: 7.125 | N45: =IFERROR(VLOOKUP(A45,vlookup_table!$A:$G,2,FALSE),"") -> 0 | O45: =IFERROR(VLOOKUP(A45,vlookup_table!$A:$G,4,FALSE),"") -> 2101 | P45: =IFERROR(VLOOKUP(A45,vlookup_table!$A:$G,5,FALSE),"") -> U3 | Q45: =IFERROR(VLOOKUP(A45,vlookup_table!$A:$G,7,FALSE),"") -> 5 | R45: =IF(O45="","",97-INT(O45/100)) -> 76 | S45: {=IF(P45="","",_xlfn.SWITCH(LEFT(P45,1),"C","Ciudad","T","Pueblo","R","Rural","S","Suburbano","U","Urbano",""))} -> Urbano | T45: =IF(C45="","",IF(OR(UPPER(C45)="M",UPPER(C45)="MALE"),"M",IF(OR(UPPER(C45)="F",UPPER(C45)="FEMALE",UPPER(C45)="FEAMALE"),"F",C45))) -> F | U45: =IF(OR(UPPER(B45)="CALIFORNIA",UPPER(B45)="CALI"),"CA",B45) -> CA | V45: =SUBSTITUTE(H45,"@","") -> 10484
A46: 403 | B46: AL | C46: J | D46: 765 | E46: 408 | F46: 472 | G46: 1 | H46: 15150 | I46: 1 | J46: 68 | K46: 430 | L46: 441 | M46: 33.5 | N46: =IFERROR(VLOOKUP(A46,vlookup_table!$A:$G,2,FALSE),"") -> 0 | O46: =IFERROR(VLOOKUP(A46,vlookup_table!$A:$G,4,FALSE),"") -> 3901 | P46: =IFERROR(VLOOKUP(A46,vlookup_table!$A:$G,5,FALSE),"") -> 0 | Q46: =IFERROR(VLOOKUP(A46,vlookup_table!$A:$G,7,FALSE),"") -> 35 | R46: =IF(O46="","",97-INT(O46/100)) -> 58 | S46: {=IF(P46="","",_xlfn.SWITCH(LEFT(P46,1),"C","Ciudad","T","Pueblo","R","Rural","S","Suburbano","U","Urbano",""))} | T46: =IF(C46="","",IF(OR(UPPER(C46)="M",UPPER(C46)="MALE"),"M",IF(OR(UPPER(C46)="F",UPPER(C46)="FEMALE",UPPER(C46)="FEAMALE"),"F",C46))) -> J | U46: =IF(OR(UPPER(B46)="CALIFORNIA",UPPER(B46)="CALI"),"CA",B46) -> AL | V46: =SUBSTITUTE(H46,"@","") -> 15150
A47: 189882 | B47: ND | C47: F | D47: 832 | E47: 310 | F47: 376 | G47: 0 | H47: 11972 | I47: 1 | J47: 85 | K47: 338 | L47: 348 | M47: 10 | N47: =IFERROR(VLOOKUP(A47,vlookup_table!$A:$G,2,FALSE),"") -> 0 | O47: =IFERROR(VLOOKUP(A47,vlookup_table!$A:$G,4,FALSE),"") -> 4201 | P47: =IFERROR(VLOOKUP(A47,vlookup_table!$A:$G,5,FALSE),"") -> C2 | Q47: =IFERROR(VLOOKUP(A47,vlookup_table!$A:$G,7,FALSE),"") -> 10 | R47: =IF(O47="","",97-INT(O47/100)) -> 55 | S47: {=IF(P47="","",_xlfn.SWITCH(LEFT(P47,1),"C","Ciudad","T","Pueblo","R","Rural","S","Suburbano","U","Urbano",""))} -> Ciudad | T47: =IF(C47="","",IF(OR(UPPER(C47)="M",UPPER(C47)="MALE"),"M",IF(OR(UPPER(C47)="F",UPPER(C47)="FEMALE",UPPER(C47)="FEAMALE"),"F",C47))) -> F | U47: =IF(OR(UPPER(B47)="CALIFORNIA",UPPER(B47)="CALI"),"CA",B47) -> ND | V47: =SUBSTITUTE(H47,"@","") -> 11972
A48: 119570 | B48: TX | C48: M | D48: 1458 | E48: 299 | F48: 446 | G48: 8 | H48: 19185 | I48: 4 | J48: 56 | K48: 354 | L48: 356 | M48: 6.1818182 | N48: =IFERROR(VLOOKUP(A48,vlookup_table!$A:$G,2,FALSE),"") -> 1 | O48: =IFERROR(VLOOKUP(A48,vlookup_table!$A:$G,4,FALSE),"") -> 5201 | P48: =IFERROR(VLOOKUP(A48,vlookup_table!$A:$G,5,FALSE),"") -> S1 | Q48: =IFERROR(VLOOKUP(A48,vlookup_table!$A:$G,7,FALSE),"") -> 10 | R48: =IF(O48="","",97-INT(O48/100)) -> 45 | S48: {=IF(P48="","",_xlfn.SWITCH(LEFT(P48,1),"C","Ciudad","T","Pueblo","R","Rural","S","Suburbano","U","Urbano",""))} -> Suburbano | T48: =IF(C48="","",IF(OR(UPPER(C48)="M",UPPER(C48)="MALE"),"M",IF(OR(UPPER(C48)="F",UPPER(C48)="FEMALE",UPPER(C48)="FEAMALE"),"F",C48))) -> M | U48: =IF(OR(UPPER(B48)="CALIFORNIA",UPPER(B48)="CALI"),"CA",B48) -> TX | V48: =SUBSTITUTE(H48,"@","") -> 19185
A49: 144021 | B49: CA | C49: F | D49: 1590 | E49: 240 | F49: 257 | G49: 25 | H49: 7559 | I49: 57 | J49: 34 | K49: 238 | L49: 262 | M49: 13.5 | N49: =IFERROR(VLOOKUP(A49,vlookup_table!$A:$G,2,FALSE),"") -> 0 | O49: =IFERROR(VLOOKUP(A49,vlookup_table!$A:$G,4,FALSE),"") -> 4903 | P49: =IFERROR(VLOOKUP(A49,vlookup_table!$A:$G,5,FALSE),"") -> U4 | Q49: =IFERROR(VLOOKUP(A49,vlookup_table!$A:$G,7,FALSE),"") -> 15 | R49: =IF(O49="","",97-INT(O49/100)) -> 48 | S49: {=IF(P49="","",_xlfn.SWITCH(LEFT(P49,1),"C","Ciudad","T","Pueblo","R","Rural","S","Suburbano","U","Urbano",""))} -> Urbano | T49: =IF(C49="","",IF(OR(UPPER(C49)="M",UPPER(C49)="MALE"),"M",IF(OR(UPPER(C49)="F",UPPER(C49)="FEMALE",UPPER(C49)="FEAMALE"),"F",C49))) -> F | U49: =IF(OR(UPPER(B49)="CALIFORNIA",UPPER(B49)="CALI"),"CA",B49) -> CA | V49: =SUBSTITUTE(H49,"@","") -> 7559
... A55: 163018 | B55: CA | C55: M | D55: 3500 | E55: 351 | F55: 407 | G55: 57 | H55: 26034 | I55: 36 | J55: 28 | K55: 260 | L55: 463 | M55: 15.666667 | N55: =IFERROR(VLOOKUP(A55,vlookup_table!$A:$G,2,FALSE),"") -> 1 | O55: =IFERROR(VLOOKUP(A55,vlookup_table!$A:$G,4,FALSE),"") -> 0 | P55: =IFERROR(VLOOKUP(A55,vlookup_table!$A:$G,5,FALSE),"") -> U1 | Q55: =IFERROR(VLOOKUP(A55,vlookup_table!$A:$G,7,FALSE),"") -> 24 | R55: =IF(O55="","",97-INT(O55/100)) -> 97 | S55: {=IF(P55="","",_xlfn.SWITCH(LEFT(P55,1),"C","Ciudad","T","Pueblo","R","Rural","S","Suburbano","U","Urbano",""))} -> Urbano | T55: =IF(C55="","",IF(OR(UPPER(C55)="M",UPPER(C55)="MALE"),"M",IF(OR(UPPER(C55)="F",UPPER(C55)="FEMALE",UPPER(C55)="FEAMALE"),"F",C55))) -> M | U55: =IF(OR(UPPER(B55)="CALIFORNIA",UPPER(B55)="CALI"),"CA",B55) -> CA | V55: =SUBSTITUTE(H55,"@","") -> 26034
A56: 190671 | B56: CA | D56: 2143 | E56: 280 | F56: 373 | G56: 63 | H56: 12935 | I56: 29 | J56: 36 | K56: 353 | L56: 328 | M56: 9.2608696 | N56: =IFERROR(VLOOKUP(A56,vlookup_table!$A:$G,2,FALSE),"") -> 0 | O56: =IFERROR(VLOOKUP(A56,vlookup_table!$A:$G,4,FALSE),"") -> 1901 | P56: =IFERROR(VLOOKUP(A56,vlookup_table!$A:$G,5,FALSE),"") -> 0 | Q56: =IFERROR(VLOOKUP(A56,vlookup_table!$A:$G,7,FALSE),"") -> 14 | R56: =IF(O56="","",97-INT(O56/100)) -> 78 | S56: {=IF(P56="","",_xlfn.SWITCH(LEFT(P56,1),"C","Ciudad","T","Pueblo","R","Rural","S","Suburbano","U","Urbano",""))} | T56: =IF(C56="","",IF(OR(UPPER(C56)="M",UPPER(C56)="MALE"),"M",IF(OR(UPPER(C56)="F",UPPER(C56)="FEMALE",UPPER(C56)="FEAMALE"),"F",C56))) | U56: =IF(OR(UPPER(B56)="CALIFORNIA",UPPER(B56)="CALI"),"CA",B56) -> CA | V56: =SUBSTITUTE(H56,"@","") -> 12935
A57: 33356 | B57: FL | C57: F | D57: 625 | E57: 246 | F57: 536 | G57: 3 | H57: 19102 | I57: 1 | J57: 47 | K57: 466 | L57: 362 | M57: 14.090909 | N57: =IFERROR(VLOOKUP(A57,vlookup_table!$A:$G,2,FALSE),"") -> 0 | O57: =IFERROR(VLOOKUP(A57,vlookup_table!$A:$G,4,FALSE),"") -> 1401 | P57: =IFERROR(VLOOKUP(A57,vlookup_table!$A:$G,5,FALSE),"") -> S1 | Q57: =IFERROR(VLOOKUP(A57,vlookup_table!$A:$G,7,FALSE),"") -> 20 | R57: =IF(O57="","",97-INT(O57/100)) -> 83 | S57: {=IF(P57="","",_xlfn.SWITCH(LEFT(P57,1),"C","Ciudad","T","Pueblo","R","Rural","S","Suburbano","U","Urbano",""))} -> Suburbano | T57: =IF(C57="","",IF(OR(UPPER(C57)="M",UPPER(C57)="MALE"),"M",IF(OR(UPPER(C57)="F",UPPER(C57)="FEMALE",UPPER(C57)="FEAMALE"),"F",C57))) -> F | U57: =IF(OR(UPPER(B57)="CALIFORNIA",UPPER(B57)="CALI"),"CA",B57) -> FL | V57: =SUBSTITUTE(H57,"@","") -> 19102
A58: 151600 | B58: Cali | C58: M | D58: 1560 | E58: 500 | F58: 485 | G58: 5 | H58: 13816 | I58: 22 | J58: 38 | K58: 488 | L58: 487 | M58: 15 | N58: =IFERROR(VLOOKUP(A58,vlookup_table!$A:$G,2,FALSE),"") -> 1 | O58: =IFERROR(VLOOKUP(A58,vlookup_table!$A:$G,4,FALSE),"") -> 6601 | P58: =IFERROR(VLOOKUP(A58,vlookup_table!$A:$G,5,FALSE),"") -> S2 | Q58: =IFERROR(VLOOKUP(A58,vlookup_table!$A:$G,7,FALSE),"") -> 21 | R58: =IF(O58="","",97-INT(O58/100)) -> 31 | S58: {=IF(P58="","",_xlfn.SWITCH(LEFT(P58,1),"C","Ciudad","T","Pueblo","R","Rural","S","Suburbano","U","Urbano",""))} -> Suburbano | T58: =IF(C58="","",IF(OR(UPPER(C58)="M",UPPER(C58)="MALE"),"M",IF(OR(UPPER(C58)="F",UPPER(C58)="FEMALE",UPPER(C58)="FEAMALE"),"F",C58))) -> M | U58: =IF(OR(UPPER(B58)="CALIFORNIA",UPPER(B58)="CALI"),"CA",B58) -> CA | V58: =SUBSTITUTE(H58,"@","") -> 13816
A59: 21259 | B59: NC | C59: female | D59: 716 | E59: 146 | F59: 382 | G59: 1 | H59: 11136 | I59: 2 | J59: 66 | K59: 339 | L59: 227 | M59: 12.478261 | N59: =IFERROR(VLOOKUP(A59,vlookup_table!$A:$G,2,FALSE),"") -> 0 | O59: =IFERROR(VLOOKUP(A59,vlookup_table!$A:$G,4,FALSE),"") -> 4001 | P59: =IFERROR(VLOOKUP(A59,vlookup_table!$A:$G,5,FALSE),"") -> C2 | Q59: =IFERROR(VLOOKUP(A59,vlookup_table!$A:$G,7,FALSE),"") -> 15 | R59: =IF(O59="","",97-INT(O59/100)) -> 57 | S59: {=IF(P59="","",_xlfn.SWITCH(LEFT(P59,1),"C","Ciudad","T","Pueblo","R","Rural","S","Suburbano","U","Urbano",""))} -> Ciudad | T59: =IF(C59="","",IF(OR(UPPER(C59)="M",UPPER(C59)="MALE"),"M",IF(OR(UPPER(C59)="F",UPPER(C59)="FEMALE",UPPER(C59)="FEAMALE"),"F",C59))) -> F | U59: =IF(OR(UPPER(B59)="CALIFORNIA",UPPER(B59)="CALI"),"CA",B59) -> NC | V59: =SUBSTITUTE(H59,"@","") -> 11136
A60: 128987 | B60: TX | C60: F | D60: 1247 | E60: 215 | F60: 444 | G60: 17 | H60: 16891 | I60: 16 | J60: 50 | K60: 313 | L60: 350 | M60: 26.333333 | N60: =IFERROR(VLOOKUP(A60,vlookup_table!$A:$G,2,FALSE),"") -> 28 | O60: =IFERROR(VLOOKUP(A60,vlookup_table!$A:$G,4,FALSE),"") -> 3912 | P60: =IFERROR(VLOOKUP(A60,vlookup_table!$A:$G,5,FALSE),"") -> U1 | Q60: =IFERROR(VLOOKUP(A60,vlookup_table!$A:$G,7,FALSE),"") -> 41 | R60: =IF(O60="","",97-INT(O60/100)) -> 58 | S60: {=IF(P60="","",_xlfn.SWITCH(LEFT(P60,1),"C","Ciudad","T","Pueblo","R","Rural","S","Suburbano","U","Urbano",""))} -> Urbano | T60: =IF(C60="","",IF(OR(UPPER(C60)="M",UPPER(C60)="MALE"),"M",IF(OR(UPPER(C60)="F",UPPER(C60)="FEMALE",UPPER(C60)="FEAMALE"),"F",C60))) -> F | U60: =IF(OR(UPPER(B60)="CALIFORNIA",UPPER(B60)="CALI"),"CA",B60) -> TX | V60: =SUBSTITUTE(H60,"@","") -> 16891
A61: 108926 | B61: LA | C61: M | D61: 611 | E61: 265 | F61: 337 | G61: 1 | H61: 12313 | I61: 4 | J61: 52 | K61: 323 | L61: 302 | M61: 15 | N61: =IFERROR(VLOOKUP(A61,vlookup_table!$A:$G,2,FALSE),"") -> 1 | O61: =IFERROR(VLOOKUP(A61,vlookup_table!$A:$G,4,FALSE),"") -> 2601 | P61: =IFERROR(VLOOKUP(A61,vlookup_table!$A:$G,5,FALSE),"") -> T2 | Q61: =IFERROR(VLOOKUP(A61,vlookup_table!$A:$G,7,FALSE),"") -> 20 | R61: =IF(O61="","",97-INT(O61/100)) -> 71 | S61: {=IF(P61="","",_xlfn.SWITCH(LEFT(P61,1),"C","Ciudad","T","Pueblo","R","Rural","S","Suburbano","U","Urbano",""))} -> Pueblo | T61: =IF(C61="","",IF(OR(UPPER(C61)="M",UPPER(C61)="MALE"),"M",IF(OR(UPPER(C61)="F",UPPER(C61)="FEMALE",UPPER(C61)="FEAMALE"),"F",C61))) -> M | U61: =IF(OR(UPPER(B61)="CALIFORNIA",UPPER(B61)="CALI"),"CA",B61) -> LA | V61: =SUBSTITUTE(H61,"@","") -> 12313
A62: 154709 | B62: Cali | C62: F | D62: 1431 | E62: 291 | F62: 376 | G62: 24 | H62: 10498 | I62: 18 | J62: 48 | K62: 390 | L62: 315 | M62: 13 | N62: =IFERROR(VLOOKUP(A62,vlookup_table!$A:$G,2,FALSE),"") -> 0 | O62: =IFERROR(VLOOKUP(A62,vlookup_table!$A:$G,4,FALSE),"") -> 0 | P62: =IFERROR(VLOOKUP(A62,vlookup_table!$A:$G,5,FALSE),"") -> S2 | Q62: =IFERROR(VLOOKUP(A62,vlookup_table!$A:$G,7,FALSE),"") -> 5 | R62: =IF(O62="","",97-INT(O62/100)) -> 97 | S62: {=IF(P62="","",_xlfn.SWITCH(LEFT(P62,1),"C","Ciudad","T","Pueblo","R","Rural","S","Suburbano","U","Urbano",""))} -> Suburbano | T62: =IF(C62="","",IF(OR(UPPER(C62)="M",UPPER(C62)="MALE"),"M",IF(OR(UPPER(C62)="F",UPPER(C62)="FEMALE",UPPER(C62)="FEAMALE"),"F",C62))) -> F | U62: =IF(OR(UPPER(B62)="CALIFORNIA",UPPER(B62)="CALI"),"CA",B62) -> CA | V62: =SUBSTITUTE(H62,"@","") -> 10498
A63: 108050 | B63: LA | C63: F | D63: 1089 | E63: 431 | F63: 538 | G63: 1 | H63: 16777 | I63: 2 | J63: 64 | K63: 520 | L63: 480 | M63: 5.2 | N63: =IFERROR(VLOOKUP(A63,vlookup_table!$A:$G,2,FALSE),"") -> 0 | O63: =IFERROR(VLOOKUP(A63,vlookup_table!$A:$G,4,FALSE),"") -> 1401 | P63: =IFERROR(VLOOKUP(A63,vlookup_table!$A:$G,5,FALSE),"") -> T1 | Q63: =IFERROR(VLOOKUP(A63,vlookup_table!$A:$G,7,FALSE),"") -> 16 | R63: =IF(O63="","",97-INT(O63/100)) -> 83 | S63: {=IF(P63="","",_xlfn.SWITCH(LEFT(P63,1),"C","Ciudad","T","Pueblo","R","Rural","S","Suburbano","U","Urbano",""))} -> Pueblo | T63: =IF(C63="","",IF(OR(UPPER(C63)="M",UPPER(C63)="MALE"),"M",IF(OR(UPPER(C63)="F",UPPER(C63)="FEMALE",UPPER(C63)="FEAMALE"),"F",C63))) -> F | U63: =IF(OR(UPPER(B63)="CALIFORNIA",UPPER(B63)="CALI"),"CA",B63) -> LA | V63: =SUBSTITUTE(H63,"@","") -> 16777
A64: 187274 | B64: IA | C64: F | D64: 435 | E64: 244 | F64: 329 | G64: 0 | H64: 10692 | I64: 2 | J64: 76 | K64: 298 | L64: 281 | M64: 15 | N64: =IFERROR(VLOOKUP(A64,vlookup_table!$A:$G,2,FALSE),"") -> 0 | O64: =IFERROR(VLOOKUP(A64,vlookup_table!$A:$G,4,FALSE),"") -> 0 | P64: =IFERROR(VLOOKUP(A64,vlookup_table!$A:$G,5,FALSE),"") -> R2 | Q64: =IFERROR(VLOOKUP(A64,vlookup_table!$A:$G,7,FALSE),"") -> 15 | R64: =IF(O64="","",97-INT(O64/100)) -> 97 | S64: {=IF(P64="","",_xlfn.SWITCH(LEFT(P64,1),"C","Ciudad","T","Pueblo","R","Rural","S","Suburbano","U","Urbano",""))} -> Rural | T64: =IF(C64="","",IF(OR(UPPER(C64)="M",UPPER(C64)="MALE"),"M",IF(OR(UPPER(C64)="F",UPPER(C64)="FEMALE",UPPER(C64)="FEAMALE"),"F",C64))) -> F | U64: =IF(OR(UPPER(B64)="CALIFORNIA",UPPER(B64)="CALI"),"CA",B64) -> IA | V64: =SUBSTITUTE(H64,"@","") -> 10692
A65: 171655 | B65: Cali | C65: F | D65: 1409 | E65: 321 | F65: 428 | G65: 21 | H65: 15611 | I65: 3 | J65: 57 | K65: 405 | L65: 377 | M65: 12.666667 | N65: =IFERROR(VLOOKUP(A65,vlookup_table!$A:$G,2,FALSE),"") -> 0 | O65: =IFERROR(VLOOKUP(A65,vlookup_table!$A:$G,4,FALSE),"") -> 0 | P65: =IFERROR(VLOOKUP(A65,vlookup_table!$A:$G,5,FALSE),"") -> S3 | Q65: =IFERROR(VLOOKUP(A65,vlookup_table!$A:$G,7,FALSE),"") -> 12 | R65: =IF(O65="","",97-INT(O65/100)) -> 97 | S65: {=IF(P65="","",_xlfn.SWITCH(LEFT(P65,1),"C","Ciudad","T","Pueblo","R","Rural","S","Suburbano","U","Urbano",""))} -> Suburbano | T65: =IF(C65="","",IF(OR(UPPER(C65)="M",UPPER(C65)="MALE"),"M",IF(OR(UPPER(C65)="F",UPPER(C65)="FEMALE",UPPER(C65)="FEAMALE"),"F",C65))) -> F | U65: =IF(OR(UPPER(B65)="CALIFORNIA",UPPER(B65)="CALI"),"CA",B65) -> CA | V65: =SUBSTITUTE(H65,"@","") -> 15611
A66: 160488 | B66: OR | C66: M | D66: 647 | E66: 369 | F66: 463 | G66: 0 | H66: 18492 | I66: 6 | J66: 34 | K66: 422 | L66: 401 | M66: 9.5 | N66: =IFERROR(VLOOKUP(A66,vlookup_table!$A:$G,2,FALSE),"") -> 0 | O66: =IFERROR(VLOOKUP(A66,vlookup_table!$A:$G,4,FALSE),"") -> 0 | P66: =IFERROR(VLOOKUP(A66,vlookup_table!$A:$G,5,FALSE),"") -> C2 | Q66: =IFERROR(VLOOKUP(A66,vlookup_table!$A:$G,7,FALSE),"") -> 10 | R66: =IF(O66="","",97-INT(O66/100)) -> 97 | S66: {=IF(P66="","",_xlfn.SWITCH(LEFT(P66,1),"C","Ciudad","T","Pueblo","R","Rural","S","Suburbano","U","Urbano",""))} -> Ciudad | T66: =IF(C66="","",IF(OR(UPPER(C66)="M",UPPER(C66)="MALE"),"M",IF(OR(UPPER(C66)="F",UPPER(C66)="FEMALE",UPPER(C66)="FEAMALE"),"F",C66))) -> M | U66: =IF(OR(UPPER(B66)="CALIFORNIA",UPPER(B66)="CALI"),"CA",B66) -> OR | V66: =SUBSTITUTE(H66,"@","") -> 18492
A67: 21305 | B67: NC | C67: M | D67: 415 | E67: 199 | F67: 300 | G67: 0 | H67: 11449 | I67: 0 | J67: 86 | K67: 308 | L67: 242 | M67: 8.3333333 | N67: =IFERROR(VLOOKUP(A67,vlookup_table!$A:$G,2,FALSE),"") -> 1 | O67: =IFERROR(VLOOKUP(A67,vlookup_table!$A:$G,4,FALSE),"") -> 5601 | P67: =IFERROR(VLOOKUP(A67,vlookup_table!$A:$G,5,FALSE),"") -> R2 | Q67: =IFERROR(VLOOKUP(A67,vlookup_table!$A:$G,7,FALSE),"") -> 10 | R67: =IF(O67="","",97-INT(O67/100)) -> 41 | S67: {=IF(P67="","",_xlfn.SWITCH(LEFT(P67,1),"C","Ciudad","T","Pueblo","R","Rural","S","Suburbano","U","Urbano",""))} -> Rural | T67: =IF(C67="","",IF(OR(UPPER(C67)="M",UPPER(C67)="MALE"),"M",IF(OR(UPPER(C67)="F",UPPER(C67)="FEMALE",UPPER(C67)="FEAMALE"),"F",C67))) -> M | U67: =IF(OR(UPPER(B67)="CALIFORNIA",UPPER(B67)="CALI"),"CA",B67) -> NC | V67: =SUBSTITUTE(H67,"@","") -> 11449
A68: 98470 | B68: IL | C68: F | D68: 492 | E68: 172 | F68: 399 | G68: 0 | H68: 13218 | I68: 3 | J68: 85 | K68: 384 | L68: 276 | M68: 8.75 | N68: =IFERROR(VLOOKUP(A68,vlookup_table!$A:$G,2,FALSE),"") -> 2 | O68: =IFERROR(VLOOKUP(A68,vlookup_table!$A:$G,4,FALSE),"") -> 1108 | P68: =IFERROR(VLOOKUP(A68,vlookup_table!$A:$G,5,FALSE),"") -> T2 | Q68: =IFERROR(VLOOKUP(A68,vlookup_table!$A:$G,7,FALSE),"") -> 14 | R68: =IF(O68="","",97-INT(O68/100)) -> 86 | S68: {=IF(P68="","",_xlfn.SWITCH(LEFT(P68,1),"C","Ciudad","T","Pueblo","R","Rural","S","Suburbano","U","Urbano",""))} -> Pueblo | T68: =IF(C68="","",IF(OR(UPPER(C68)="M",UPPER(C68)="MALE"),"M",IF(OR(UPPER(C68)="F",UPPER(C68)="FEMALE",UPPER(C68)="FEAMALE"),"F",C68))) -> F | U68: =IF(OR(UPPER(B68)="CALIFORNIA",UPPER(B68)="CALI"),"CA",B68) -> IL | V68: =SUBSTITUTE(H68,"@","") -> 13218
... A78: 148969 | B78: Cali | C78: F | D78: 2377 | E78: 633 | F78: 663 | G78: 85 | H78: 19545 | I78: 13 | J78: 53 | K78: 637 | L78: 652 | M78: 9.1111111 | N78: =IFERROR(VLOOKUP(A78,vlookup_table!$A:$G,2,FALSE),"") -> 0 | O78: =IFERROR(VLOOKUP(A78,vlookup_table!$A:$G,4,FALSE),"") -> 0 | P78: =IFERROR(VLOOKUP(A78,vlookup_table!$A:$G,5,FALSE),"") -> C1 | Q78: =IFERROR(VLOOKUP(A78,vlookup_table!$A:$G,7,FALSE),"") -> 10 | R78: =IF(O78="","",97-INT(O78/100)) -> 97 | S78: {=IF(P78="","",_xlfn.SWITCH(LEFT(P78,1),"C","Ciudad","T","Pueblo","R","Rural","S","Suburbano","U","Urbano",""))} -> Ciudad | T78: =IF(C78="","",IF(OR(UPPER(C78)="M",UPPER(C78)="MALE"),"M",IF(OR(UPPER(C78)="F",UPPER(C78)="FEMALE",UPPER(C78)="FEAMALE"),"F",C78))) -> F | U78: =IF(OR(UPPER(B78)="CALIFORNIA",UPPER(B78)="CALI"),"CA",B78) -> CA | V78: =SUBSTITUTE(H78,"@","") -> 19545
A79: 156324 | B79: Cali | D79: 2016 | E79: 431 | F79: 497 | G79: 51 | H79: 17882 | I79: 11 | J79: 53 | K79: 465 | L79: 459 | M79: 8.75 | N79: =IFERROR(VLOOKUP(A79,vlookup_table!$A:$G,2,FALSE),"") -> 0 | O79: =IFERROR(VLOOKUP(A79,vlookup_table!$A:$G,4,FALSE),"") -> 0 | P79: =IFERROR(VLOOKUP(A79,vlookup_table!$A:$G,5,FALSE),"") -> S1 | Q79: =IFERROR(VLOOKUP(A79,vlookup_table!$A:$G,7,FALSE),"") -> 15 | R79: =IF(O79="","",97-INT(O79/100)) -> 97 | S79: {=IF(P79="","",_xlfn.SWITCH(LEFT(P79,1),"C","Ciudad","T","Pueblo","R","Rural","S","Suburbano","U","Urbano",""))} -> Suburbano | T79: =IF(C79="","",IF(OR(UPPER(C79)="M",UPPER(C79)="MALE"),"M",IF(OR(UPPER(C79)="F",UPPER(C79)="FEMALE",UPPER(C79)="FEAMALE"),"F",C79))) | U79: =IF(OR(UPPER(B79)="CALIFORNIA",UPPER(B79)="CALI"),"CA",B79) -> CA | V79: =SUBSTITUTE(H79,"@","") -> 17882
A80: 130976 | B80: CO | C80: F | D80: 933 | E80: 289 | F80: 379 | G80: 0 | H80: 14104 | I80: 6 | J80: 42 | K80: 332 | L80: 349 | M80: 8.1428571 | N80: =IFERROR(VLOOKUP(A80,vlookup_table!$A:$G,2,FALSE),"") -> 2 | O80: =IFERROR(VLOOKUP(A80,vlookup_table!$A:$G,4,FALSE),"") -> 1412 | P80: =IFERROR(VLOOKUP(A80,vlookup_table!$A:$G,5,FALSE),"") -> C2 | Q80: =IFERROR(VLOOKUP(A80,vlookup_table!$A:$G,7,FALSE),"") -> 7 | R80: =IF(O80="","",97-INT(O80/100)) -> 83 | S80: {=IF(P80="","",_xlfn.SWITCH(LEFT(P80,1),"C","Ciudad","T","Pueblo","R","Rural","S","Suburbano","U","Urbano",""))} -> Ciudad | T80: =IF(C80="","",IF(OR(UPPER(C80)="M",UPPER(C80)="MALE"),"M",IF(OR(UPPER(C80)="F",UPPER(C80)="FEMALE",UPPER(C80)="FEAMALE"),"F",C80))) -> F | U80: =IF(OR(UPPER(B80)="CALIFORNIA",UPPER(B80)="CALI"),"CA",B80) -> CO | V80: =SUBSTITUTE(H80,"@","") -> 14104
A81: 140141 | B81: NM | C81: F | D81: 619 | E81: 215 | F81: 268 | G81: 4 | H81: 10427 | I81: 2 | J81: 50 | K81: 222 | L81: 260 | M81: 12.8 | N81: =IFERROR(VLOOKUP(A81,vlookup_table!$A:$G,2,FALSE),"") -> 0 | O81: =IFERROR(VLOOKUP(A81,vlookup_table!$A:$G,4,FALSE),"") -> 4401 | P81: =IFERROR(VLOOKUP(A81,vlookup_table!$A:$G,5,FALSE),"") -> R2 | Q81: =IFERROR(VLOOKUP(A81,vlookup_table!$A:$G,7,FALSE),"") -> 14 | R81: =IF(O81="","",97-INT(O81/100)) -> 53 | S81: {=IF(P81="","",_xlfn.SWITCH(LEFT(P81,1),"C","Ciudad","T","Pueblo","R","Rural","S","Suburbano","U","Urbano",""))} -> Rural | T81: =IF(C81="","",IF(OR(UPPER(C81)="M",UPPER(C81)="MALE"),"M",IF(OR(UPPER(C81)="F",UPPER(C81)="FEMALE",UPPER(C81)="FEAMALE"),"F",C81))) -> F | U81: =IF(OR(UPPER(B81)="CALIFORNIA",UPPER(B81)="CALI"),"CA",B81) -> NM | V81: =SUBSTITUTE(H81,"@","") -> 10427
A82: 85416 | B82: Cali | C82: F | D82: 3303 | E82: 533 | F82: 614 | G82: 94 | H82: 24251 | I82: 13 | J82: 45 | K82: 568 | L82: 586 | M82: 14 | N82: =IFERROR(VLOOKUP(A82,vlookup_table!$A:$G,2,FALSE),"") -> 0 | O82: =IFERROR(VLOOKUP(A82,vlookup_table!$A:$G,4,FALSE),"") -> 0 | P82: =IFERROR(VLOOKUP(A82,vlookup_table!$A:$G,5,FALSE),"") -> C2 | Q82: =IFERROR(VLOOKUP(A82,vlookup_table!$A:$G,7,FALSE),"") -> 25 | R82: =IF(O82="","",97-INT(O82/100)) -> 97 | S82: {=IF(P82="","",_xlfn.SWITCH(LEFT(P82,1),"C","Ciudad","T","Pueblo","R","Rural","S","Suburbano","U","Urbano",""))} -> Ciudad | T82: =IF(C82="","",IF(OR(UPPER(C82)="M",UPPER(C82)="MALE"),"M",IF(OR(UPPER(C82)="F",UPPER(C82)="FEMALE",UPPER(C82)="FEAMALE"),"F",C82))) -> F | U82: =IF(OR(UPPER(B82)="CALIFORNIA",UPPER(B82)="CALI"),"CA",B82) -> CA | V82: =SUBSTITUTE(H82,"@","") -> 24251
A83: 108150 | B83: LA | C83: F | D83: 960 | E83: 479 | F83: 613 | G83: 0 | H83: 19518 | I83: 10 | J83: 57 | K83: 526 | L83: 548 | M83: 15.2 | N83: =IFERROR(VLOOKUP(A83,vlookup_table!$A:$G,2,FALSE),"") -> 2 | O83: =IFERROR(VLOOKUP(A83,vlookup_table!$A:$G,4,FALSE),"") -> 6312 | P83: =IFERROR(VLOOKUP(A83,vlookup_table!$A:$G,5,FALSE),"") -> S1 | Q83: =IFERROR(VLOOKUP(A83,vlookup_table!$A:$G,7,FALSE),"") -> 20 | R83: =IF(O83="","",97-INT(O83/100)) -> 34 | S83: {=IF(P83="","",_xlfn.SWITCH(LEFT(P83,1),"C","Ciudad","T","Pueblo","R","Rural","S","Suburbano","U","Urbano",""))} -> Suburbano | T83: =IF(C83="","",IF(OR(UPPER(C83)="M",UPPER(C83)="MALE"),"M",IF(OR(UPPER(C83)="F",UPPER(C83)="FEMALE",UPPER(C83)="FEAMALE"),"F",C83))) -> F | U83: =IF(OR(UPPER(B83)="CALIFORNIA",UPPER(B83)="CALI"),"CA",B83) -> LA | V83: =SUBSTITUTE(H83,"@","") -> 19518
A84: 129823 | B84: CO | C84: M | D84: 1236 | E84: 622 | F84: 737 | G84: 13 | H84: 25882 | I84: 2 | J84: 29 | K84: 630 | L84: 727 | M84: 6.0769231 | N84: =IFERROR(VLOOKUP(A84,vlookup_table!$A:$G,2,FALSE),"") -> 1002 | O84: =IFERROR(VLOOKUP(A84,vlookup_table!$A:$G,4,FALSE),"") -> 5601 | P84: =IFERROR(VLOOKUP(A84,vlookup_table!$A:$G,5,FALSE),"") -> S1 | Q84: =IFERROR(VLOOKUP(A84,vlookup_table!$A:$G,7,FALSE),"") -> 10 | R84: =IF(O84="","",97-INT(O84/100)) -> 41 | S84: {=IF(P84="","",_xlfn.SWITCH(LEFT(P84,1),"C","Ciudad","T","Pueblo","R","Rural","S","Suburbano","U","Urbano",""))} -> Suburbano | T84: =IF(C84="","",IF(OR(UPPER(C84)="M",UPPER(C84)="MALE"),"M",IF(OR(UPPER(C84)="F",UPPER(C84)="FEMALE",UPPER(C84)="FEAMALE"),"F",C84))) -> M | U84: =IF(OR(UPPER(B84)="CALIFORNIA",UPPER(B84)="CALI"),"CA",B84) -> CO | V84: =SUBSTITUTE(H84,"@","") -> 25882
A85: 104413 | B85: AZ | C85: M | D85: 473 | E85: 164 | F85: 215 | G85: 1 | H85: 9819 | I85: 6 | J85: 23 | K85: 179 | L85: 207 | M85: 5.5 | N85: =IFERROR(VLOOKUP(A85,vlookup_table!$A:$G,2,FALSE),"") -> 1 | O85: =IFERROR(VLOOKUP(A85,vlookup_table!$A:$G,4,FALSE),"") -> 4201 | P85: =IFERROR(VLOOKUP(A85,vlookup_table!$A:$G,5,FALSE),"") -> R2 | Q85: =IFERROR(VLOOKUP(A85,vlookup_table!$A:$G,7,FALSE),"") -> 6 | R85: =IF(O85="","",97-INT(O85/100)) -> 55 | S85: {=IF(P85="","",_xlfn.SWITCH(LEFT(P85,1),"C","Ciudad","T","Pueblo","R","Rural","S","Suburbano","U","Urbano",""))} -> Rural | T85: =IF(C85="","",IF(OR(UPPER(C85)="M",UPPER(C85)="MALE"),"M",IF(OR(UPPER(C85)="F",UPPER(C85)="FEMALE",UPPER(C85)="FEAMALE"),"F",C85))) -> M | U85: =IF(OR(UPPER(B85)="CALIFORNIA",UPPER(B85)="CALI"),"CA",B85) -> AZ | V85: =SUBSTITUTE(H85,"@","") -> 9819
A86: 60512 | B86: IL | D86: 1055 | E86: 366 | F86: 400 | G86: 0 | H86: 11289 | I86: 8 | J86: 74 | K86: 462 | L86: 379 | M86: 20.8 | N86: =IFERROR(VLOOKUP(A86,vlookup_table!$A:$G,2,FALSE),"") -> 2 | O86: =IFERROR(VLOOKUP(A86,vlookup_table!$A:$G,4,FALSE),"") -> 2801 | P86: =IFERROR(VLOOKUP(A86,vlookup_table!$A:$G,5,FALSE),"") -> S2 | Q86: =IFERROR(VLOOKUP(A86,vlookup_table!$A:$G,7,FALSE),"") -> 25 | R86: =IF(O86="","",97-INT(O86/100)) -> 69 | S86: {=IF(P86="","",_xlfn.SWITCH(LEFT(P86,1),"C","Ciudad","T","Pueblo","R","Rural","S","Suburbano","U","Urbano",""))} -> Suburbano | T86: =IF(C86="","",IF(OR(UPPER(C86)="M",UPPER(C86)="MALE"),"M",IF(OR(UPPER(C86)="F",UPPER(C86)="FEMALE",UPPER(C86)="FEAMALE"),"F",C86))) | U86: =IF(OR(UPPER(B86)="CALIFORNIA",UPPER(B86)="CALI"),"CA",B86) -> IL | V86: =SUBSTITUTE(H86,"@","") -> 11289
A87: 90480 | B87: IL | C87: F | D87: 1509 | E87: 545 | F87: 680 | G87: 19 | H87: 23170 | I87: 7 | J87: 75 | K87: 617 | L87: 599 | M87: 9 | N87: =IFERROR(VLOOKUP(A87,vlookup_table!$A:$G,2,FALSE),"") -> 0 | O87: =IFERROR(VLOOKUP(A87,vlookup_table!$A:$G,4,FALSE),"") -> 4201 | P87: =IFERROR(VLOOKUP(A87,vlookup_table!$A:$G,5,FALSE),"") -> C1 | Q87: =IFERROR(VLOOKUP(A87,vlookup_table!$A:$G,7,FALSE),"") -> 11 | R87: =IF(O87="","",97-INT(O87/100)) -> 55 | S87: {=IF(P87="","",_xlfn.SWITCH(LEFT(P87,1),"C","Ciudad","T","Pueblo","R","Rural","S","Suburbano","U","Urbano",""))} -> Ciudad | T87: =IF(C87="","",IF(OR(UPPER(C87)="M",UPPER(C87)="MALE"),"M",IF(OR(UPPER(C87)="F",UPPER(C87)="FEMALE",UPPER(C87)="FEAMALE"),"F",C87))) -> F | U87: =IF(OR(UPPER(B87)="CALIFORNIA",UPPER(B87)="CALI"),"CA",B87) -> IL | V87: =SUBSTITUTE(H87,"@","") -> 23170
A88: 148911 | B88: Cali | C88: F | D88: 1953 | E88: 454 | F88: 564 | G88: 47 | H88: 21667 | I88: 11 | J88: 47 | K88: 526 | L88: 478 | M88: 15.5 | N88: =IFERROR(VLOOKUP(A88,vlookup_table!$A:$G,2,FALSE),"") -> 28 | O88: =IFERROR(VLOOKUP(A88,vlookup_table!$A:$G,4,FALSE),"") -> 7201 | P88: =IFERROR(VLOOKUP(A88,vlookup_table!$A:$G,5,FALSE),"") -> C2 | Q88: =IFERROR(VLOOKUP(A88,vlookup_table!$A:$G,7,FALSE),"") -> 10 | R88: =IF(O88="","",97-INT(O88/100)) -> 25 | S88: {=IF(P88="","",_xlfn.SWITCH(LEFT(P88,1),"C","Ciudad","T","Pueblo","R","Rural","S","Suburbano","U","Urbano",""))} -> Ciudad | T88: =IF(C88="","",IF(OR(UPPER(C88)="M",UPPER(C88)="MALE"),"M",IF(OR(UPPER(C88)="F",UPPER(C88)="FEMALE",UPPER(C88)="FEAMALE"),"F",C88))) -> F | U88: =IF(OR(UPPER(B88)="CALIFORNIA",UPPER(B88)="CALI"),"CA",B88) -> CA | V88: =SUBSTITUTE(H88,"@","") -> 21667
A89: 52990 | B89: TN | C89: M | D89: 927 | E89: 299 | F89: 410 | G89: 1 | H89: 14428 | I89: 1 | J89: 56 | K89: 322 | L89: 372 | M89: 5 | N89: =IFERROR(VLOOKUP(A89,vlookup_table!$A:$G,2,FALSE),"") -> 1002 | O89: =IFERROR(VLOOKUP(A89,vlookup_table!$A:$G,4,FALSE),"") -> 3801 | P89: =IFERROR(VLOOKUP(A89,vlookup_table!$A:$G,5,FALSE),"") -> T2 | Q89: =IFERROR(VLOOKUP(A89,vlookup_table!$A:$G,7,FALSE),"") -> 26 | R89: =IF(O89="","",97-INT(O89/100)) -> 59 | S89: {=IF(P89="","",_xlfn.SWITCH(LEFT(P89,1),"C","Ciudad","T","Pueblo","R","Rural","S","Suburbano","U","Urbano",""))} -> Pueblo | T89: =IF(C89="","",IF(OR(UPPER(C89)="M",UPPER(C89)="MALE"),"M",IF(OR(UPPER(C89)="F",UPPER(C89)="FEMALE",UPPER(C89)="FEAMALE"),"F",C89))) -> M | U89: =IF(OR(UPPER(B89)="CALIFORNIA",UPPER(B89)="CALI"),"CA",B89) -> TN | V89: =SUBSTITUTE(H89,"@","") -> 14428
A90: 148022 | B90: Cali | C90: F | D90: 2098 | E90: 305 | F90: 368 | G90: 56 | H90: 13564 | I90: 56 | J90: 25 | K90: 311 | L90: 352 | M90: 6.0769231 | N90: =IFERROR(VLOOKUP(A90,vlookup_table!$A:$G,2,FALSE),"") -> 0 | O90: =IFERROR(VLOOKUP(A90,vlookup_table!$A:$G,4,FALSE),"") -> 4608 | P90: =IFERROR(VLOOKUP(A90,vlookup_table!$A:$G,5,FALSE),"") -> U2 | Q90: =IFERROR(VLOOKUP(A90,vlookup_table!$A:$G,7,FALSE),"") -> 10 | R90: =IF(O90="","",97-INT(O90/100)) -> 51 | S90: {=IF(P90="","",_xlfn.SWITCH(LEFT(P90,1),"C","Ciudad","T","Pueblo","R","Rural","S","Suburbano","U","Urbano",""))} -> Urbano | T90: =IF(C90="","",IF(OR(UPPER(C90)="M",UPPER(C90)="MALE"),"M",IF(OR(UPPER(C90)="F",UPPER(C90)="FEMALE",UPPER(C90)="FEAMALE"),"F",C90))) -> F | U90: =IF(OR(UPPER(B90)="CALIFORNIA",UPPER(B90)="CALI"),"CA",B90) -> CA | V90: =SUBSTITUTE(H90,"@","") -> 13564
A91: 147406 | B91: Cali | C91: M | D91: 5209 | E91: 1054 | F91: 1128 | G91: 99 | H91: 52654 | I91: 7 | J91: 47 | K91: 1220 | L91: 1058 | M91: 30.941176 | N91: =IFERROR(VLOOKUP(A91,vlookup_table!$A:$G,2,FALSE),"") -> 1002 | O91: =IFERROR(VLOOKUP(A91,vlookup_table!$A:$G,4,FALSE),"") -> 2801 | P91: =IFERROR(VLOOKUP(A91,vlookup_table!$A:$G,5,FALSE),"") -> U1 | Q91: =IFERROR(VLOOKUP(A91,vlookup_table!$A:$G,7,FALSE),"") -> 38 | R91: =IF(O91="","",97-INT(O91/100)) -> 69 | S91: {=IF(P91="","",_xlfn.SWITCH(LEFT(P91,1),"C","Ciudad","T","Pueblo","R","Rural","S","Suburbano","U","Urbano",""))} -> Urbano | T91: =IF(C91="","",IF(OR(UPPER(C91)="M",UPPER(C91)="MALE"),"M",IF(OR(UPPER(C91)="F",UPPER(C91)="FEMALE",UPPER(C91)="FEAMALE"),"F",C91))) -> M | U91: =IF(OR(UPPER(B91)="CALIFORNIA",UPPER(B91)="CALI"),"CA",B91) -> CA | V91: =SUBSTITUTE(H91,"@","") -> 52654
A92: 103468 | B92: MO | C92: F | D92: 476 | E92: 219 | F92: 319 | G92: 0 | H92: 10966 | I92: 1 | J92: 74 | K92: 280 | L92: 272 | M92: 7.1 | N92: =IFERROR(VLOOKUP(A92,vlookup_table!$A:$G,2,FALSE),"") -> 0 | O92: =IFERROR(VLOOKUP(A92,vlookup_table!$A:$G,4,FALSE),"") -> 4103 | P92: =IFERROR(VLOOKUP(A92,vlookup_table!$A:$G,5,FALSE),"") -> T2 | Q92: =IFERROR(VLOOKUP(A92,vlookup_table!$A:$G,7,FALSE),"") -> 15 | R92: =IF(O92="","",97-INT(O92/100)) -> 56 | S92: {=IF(P92="","",_xlfn.SWITCH(LEFT(P92,1),"C","Ciudad","T","Pueblo","R","Rural","S","Suburbano","U","Urbano",""))} -> Pueblo | T92: =IF(C92="","",IF(OR(UPPER(C92)="M",UPPER(C92)="MALE"),"M",IF(OR(UPPER(C92)="F",UPPER(C92)="FEMALE",UPPER(C92)="FEAMALE"),"F",C92))) -> F | U92: =IF(OR(UPPER(B92)="CALIFORNIA",UPPER(B92)="CALI"),"CA",B92) -> MO | V92: =SUBSTITUTE(H92,"@","") -> 10966
A93: 84100 | B93: MN | C93: M | D93: 1515 | E93: 648 | F93: 781 | G93: 17 | H93: 25787 | I93: 6 | J93: 63 | K93: 684 | L93: 717 | M93: 14 | N93: =IFERROR(VLOOKUP(A93,vlookup_table!$A:$G,2,FALSE),"") -> 72 | O93: =IFERROR(VLOOKUP(A93,vlookup_table!$A:$G,4,FALSE),"") -> 3201 | P93: =IFERROR(VLOOKUP(A93,vlookup_table!$A:$G,5,FALSE),"") -> S1 | Q93: =IFERROR(VLOOKUP(A93,vlookup_table!$A:$G,7,FALSE),"") -> 14 | R93: =IF(O93="","",97-INT(O93/100)) -> 65 | S93: {=IF(P93="","",_xlfn.SWITCH(LEFT(P93,1),"C","Ciudad","T","Pueblo","R","Rural","S","Suburbano","U","Urbano",""))} -> Suburbano | T93: =IF(C93="","",IF(OR(UPPER(C93)="M",UPPER(C93)="MALE"),"M",IF(OR(UPPER(C93)="F",UPPER(C93)="FEMALE",UPPER(C93)="FEAMALE"),"F",C93))) -> M | U93: =IF(OR(UPPER(B93)="CALIFORNIA",UPPER(B93)="CALI"),"CA",B93) -> MN | V93: =SUBSTITUTE(H93,"@","") -> 25787
A94: 137548 | B94: AZ | C94: M | D94: 2158 | E94: 411 | F94: 640 | G94: 54 | H94: 33235 | I94: 7 | J94: 12 | K94: 516 | L94: 535 | M94: 7.9333333 | N94: =IFERROR(VLOOKUP(A94,vlookup_table!$A:$G,2,FALSE),"") -> 0 | O94: =IFERROR(VLOOKUP(A94,vlookup_table!$A:$G,4,FALSE),"") -> 2009 | P94: =IFERROR(VLOOKUP(A94,vlookup_table!$A:$G,5,FALSE),"") -> C1 | Q94: =IFERROR(VLOOKUP(A94,vlookup_table!$A:$G,7,FALSE),"") -> 9 | R94: =IF(O94="","",97-INT(O94/100)) -> 77 | S94: {=IF(P94="","",_xlfn.SWITCH(LEFT(P94,1),"C","Ciudad","T","Pueblo","R","Rural","S","Suburbano","U","Urbano",""))} -> Ciudad | T94: =IF(C94="","",IF(OR(UPPER(C94)="M",UPPER(C94)="MALE"),"M",IF(OR(UPPER(C94)="F",UPPER(C94)="FEMALE",UPPER(C94)="FEAMALE"),"F",C94))) -> M | U94: =IF(OR(UPPER(B94)="CALIFORNIA",UPPER(B94)="CALI"),"CA",B94) -> AZ | V94: =SUBSTITUTE(H94,"@","") -> 33235
A95: 6932 | B95: MO | C95: M | D95: 1110 | E95: 460 | F95: 624 | G95: 5 | H95: 21875 | I95: 2 | J95: 58 | K95: 544 | L95: 538 | M95: 7.2647059 | N95: =IFERROR(VLOOKUP(A95,vlookup_table!$A:$G,2,FALSE),"") -> 1 | O95: =IFERROR(VLOOKUP(A95,vlookup_table!$A:$G,4,FALSE),"") -> 1708 | P95: =IFERROR(VLOOKUP(A95,vlookup_table!$A:$G,5,FALSE),"") -> S1 | Q95: =IFERROR(VLOOKUP(A95,vlookup_table!$A:$G,7,FALSE),"") -> 10 | R95: =IF(O95="","",97-INT(O95/100)) -> 80 | S95: {=IF(P95="","",_xlfn.SWITCH(LEFT(P95,1),"C","Ciudad","T","Pueblo","R","Rural","S","Suburbano","U","Urbano",""))} -> Suburbano | T95: =IF(C95="","",IF(OR(UPPER(C95)="M",UPPER(C95)="MALE"),"M",IF(OR(UPPER(C95)="F",UPPER(C95)="FEMALE",UPPER(C95)="FEAMALE"),"F",C95))) -> M | U95: =IF(OR(UPPER(B95)="CALIFORNIA",UPPER(B95)="CALI"),"CA",B95) -> MO | V95: =SUBSTITUTE(H95,"@","") -> 21875
A96: 37118 | B96: FL | D96: 581 | E96: 349 | F96: 373 | G96: 0 | H96: 9667 | I96: 19 | J96: 53 | K96: 361 | L96: 359 | M96: 9.8571429 | N96: =IFERROR(VLOOKUP(A96,vlookup_table!$A:$G,2,FALSE),"") -> 0 | O96: =IFERROR(VLOOKUP(A96,vlookup_table!$A:$G,4,FALSE),"") -> 2607 | P96: =IFERROR(VLOOKUP(A96,vlookup_table!$A:$G,5,FALSE),"") -> S2 | Q96: =IFERROR(VLOOKUP(A96,vlookup_table!$A:$G,7,FALSE),"") -> 15 | R96: =IF(O96="","",97-INT(O96/100)) -> 71 | S96: {=IF(P96="","",_xlfn.SWITCH(LEFT(P96,1),"C","Ciudad","T","Pueblo","R","Rural","S","Suburbano","U","Urbano",""))} -> Suburbano | T96: =IF(C96="","",IF(OR(UPPER(C96)="M",UPPER(C96)="MALE"),"M",IF(OR(UPPER(C96)="F",UPPER(C96)="FEMALE",UPPER(C96)="FEAMALE"),"F",C96))) | U96: =IF(OR(UPPER(B96)="CALIFORNIA",UPPER(B96)="CALI"),"CA",B96) -> FL | V96: =SUBSTITUTE(H96,"@","") -> 9667
A97: 109179 | B97: LA | C97: M | D97: 563 | E97: 259 | F97: 342 | G97: 3 | H97: 10726 | I97: 1 | J97: 90 | K97: 301 | L97: 308 | M97: 10.181818 | N97: =IFERROR(VLOOKUP(A97,vlookup_table!$A:$G,2,FALSE),"") -> 0 | O97: =IFERROR(VLOOKUP(A97,vlookup_table!$A:$G,4,FALSE),"") -> 4201 | P97: =IFERROR(VLOOKUP(A97,vlookup_table!$A:$G,5,FALSE),"") -> R2 | Q97: =IFERROR(VLOOKUP(A97,vlookup_table!$A:$G,7,FALSE),"") -> 14 | R97: =IF(O97="","",97-INT(O97/100)) -> 55 | S97: {=IF(P97="","",_xlfn.SWITCH(LEFT(P97,1),"C","Ciudad","T","Pueblo","R","Rural","S","Suburbano","U","Urbano",""))} -> Rural | T97: =IF(C97="","",IF(OR(UPPER(C97)="M",UPPER(C97)="MALE"),"M",IF(OR(UPPER(C97)="F",UPPER(C97)="FEMALE",UPPER(C97)="FEAMALE"),"F",C97))) -> M | U97: =IF(OR(UPPER(B97)="CALIFORNIA",UPPER(B97)="CALI"),"CA",B97) -> LA | V97: =SUBSTITUTE(H97,"@","") -> 10726
A98: 140642 | B98: NM | C98: F | D98: 740 | E98: 240 | F98: 324 | G98: 2 | H98: 10701 | I98: 9 | J98: 26 | K98: 288 | L98: 294 | M98: 5 | N98: =IFERROR(VLOOKUP(A98,vlookup_table!$A:$G,2,FALSE),"") -> 2 | O98: =IFERROR(VLOOKUP(A98,vlookup_table!$A:$G,4,FALSE),"") -> 2710 | P98: =IFERROR(VLOOKUP(A98,vlookup_table!$A:$G,5,FALSE),"") -> T2 | Q98: =IFERROR(VLOOKUP(A98,vlookup_table!$A:$G,7,FALSE),"") -> 5 | R98: =IF(O98="","",97-INT(O98/100)) -> 70 | S98: {=IF(P98="","",_xlfn.SWITCH(LEFT(P98,1),"C","Ciudad","T","Pueblo","R","Rural","S","Suburbano","U","Urbano",""))} -> Pueblo | T98: =IF(C98="","",IF(OR(UPPER(C98)="M",UPPER(C98)="MALE"),"M",IF(OR(UPPER(C98)="F",UPPER(C98)="FEMALE",UPPER(C98)="FEAMALE"),"F",C98))) -> F | U98: =IF(OR(UPPER(B98)="CALIFORNIA",UPPER(B98)="CALI"),"CA",B98) -> NM | V98: =SUBSTITUTE(H98,"@","") -> 10701
A99: 77057 | B99: IA | C99: F | D99: 516 | E99: 332 | F99: 379 | G99: 0 | H99: 13293 | I99: 2 | J99: 75 | K99: 378 | L99: 347 | M99: 12.333333 | N99: =IFERROR(VLOOKUP(A99,vlookup_table!$A:$G,2,FALSE),"") -> 0 | O99: =IFERROR(VLOOKUP(A99,vlookup_table!$A:$G,4,FALSE),"") -> 3601 | P99: =IFERROR(VLOOKUP(A99,vlookup_table!$A:$G,5,FALSE),"") -> S2 | Q99: =IFERROR(VLOOKUP(A99,vlookup_table!$A:$G,7,FALSE),"") -> 15 | R99: =IF(O99="","",97-INT(O99/100)) -> 61 | S99: {=IF(P99="","",_xlfn.SWITCH(LEFT(P99,1),"C","Ciudad","T","Pueblo","R","Rural","S","Suburbano","U","Urbano",""))} -> Suburbano | T99: =IF(C99="","",IF(OR(UPPER(C99)="M",UPPER(C99)="MALE"),"M",IF(OR(UPPER(C99)="F",UPPER(C99)="FEMALE",UPPER(C99)="FEAMALE"),"F",C99))) -> F | U99: =IF(OR(UPPER(B99)="CALIFORNIA",UPPER(B99)="CALI"),"CA",B99) -> IA | V99: =SUBSTITUTE(H99,"@","") -> 13293
A100: 83131 | B100: MN | C100: M | D100: 575 | E100: 249 | F100: 316 | G100: 0 | H100: 9843 | I100: 0 | J100: 86 | K100: 282 | L100: 290 | M100: 10 | N100: =IFERROR(VLOOKUP(A100,vlookup_table!$A:$G,2,FALSE),"") -> 1 | O100: =IFERROR(VLOOKUP(A100,vlookup_table!$A:$G,4,FALSE),"") -> 0 | P100: =IFERROR(VLOOKUP(A100,vlookup_table!$A:$G,5,FALSE),"") -> R2 | Q100: =IFERROR(VLOOKUP(A100,vlookup_table!$A:$G,7,FALSE),"") -> 20 | R100: =IF(O100="","",97-INT(O100/100)) -> 97 | S100: {=IF(P100="","",_xlfn.SWITCH(LEFT(P100,1),"C","Ciudad","T","Pueblo","R","Rural","S","Suburbano","U","Urbano",""))} -> Rural | T100: =IF(C100="","",IF(OR(UPPER(C100)="M",UPPER(C100)="MALE"),"M",IF(OR(UPPER(C100)="F",UPPER(C100)="FEMALE",UPPER(C100)="FEAMALE"),"F",C100))) -> M | U100: =IF(OR(UPPER(B100)="CALIFORNIA",UPPER(B100)="CALI"),"CA",B100) -> MN | V100: =SUBSTITUTE(H100,"@","") -> 9843
A101: 168078 | B101: Cali | C101: M | D101: 2357 | E101: 511 | F101: 609 | G101: 81 | H101: 23786 | I101: 26 | J101: 55 | K101: 540 | L101: 570 | M101: 13.666667 | N101: =IFERROR(VLOOKUP(A101,vlookup_table!$A:$G,2,FALSE),"") -> 1 | O101: =IFERROR(VLOOKUP(A101,vlookup_table!$A:$G,4,FALSE),"") -> 3501 | P101: =IFERROR(VLOOKUP(A101,vlookup_table!$A:$G,5,FALSE),"") -> S1 | Q101: =IFERROR(VLOOKUP(A101,vlookup_table!$A:$G,7,FALSE),"") -> 19 | R101: =IF(O101="","",97-INT(O101/100)) -> 62 | S101: {=IF(P101="","",_xlfn.SWITCH(LEFT(P101,1),"C","Ciudad","T","Pueblo","R","Rural","S","Suburbano","U","Urbano",""))} -> Suburbano | T101: =IF(C101="","",IF(OR(UPPER(C101)="M",UPPER(C101)="MALE"),"M",IF(OR(UPPER(C101)="F",UPPER(C101)="FEMALE",UPPER(C101)="FEAMALE"),"F",C101))) -> M | U101: =IF(OR(UPPER(B101)="CALIFORNIA",UPPER(B101)="CALI"),"CA",B101) -> CA | V101: =SUBSTITUTE(H101,"@","") -> 23786
A102: 32975 | B102: SC | C102: M | D102: 645 | E102: 304 | F102: 376 | G102: 0 | H102: 6826 | I102: 3 | J102: 15 | K102: 360 | L102: 306 | M102: 10.875 | N102: =IFERROR(VLOOKUP(A102,vlookup_table!$A:$G,2,FALSE),"") -> 1 | O102: =IFERROR(VLOOKUP(A102,vlookup_table!$A:$G,4,FALSE),"") -> 5908 | P102: =IFERROR(VLOOKUP(A102,vlookup_table!$A:$G,5,FALSE),"") -> S2 | Q102: =IFERROR(VLOOKUP(A102,vlookup_table!$A:$G,7,FALSE),"") -> 25 | R102: =IF(O102="","",97-INT(O102/100)) -> 38 | S102: {=IF(P102="","",_xlfn.SWITCH(LEFT(P102,1),"C","Ciudad","T","Pueblo","R","Rural","S","Suburbano","U","Urbano",""))} -> Suburbano | T102: =IF(C102="","",IF(OR(UPPER(C102)="M",UPPER(C102)="MALE"),"M",IF(OR(UPPER(C102)="F",UPPER(C102)="FEMALE",UPPER(C102)="FEAMALE"),"F",C102))) -> M | U102: =IF(OR(UPPER(B102)="CALIFORNIA",UPPER(B102)="CALI"),"CA",B102) -> SC | V102: =SUBSTITUTE(H102,"@","") -> 6826
A103: 37472 | B103: FL | C103: M | D103: 825 | E103: 233 | F103: 301 | G103: 0 | H103: 9747 | I103: 63 | J103: 21 | K103: 239 | L103: 290 | M103: 20 | N103: =IFERROR(VLOOKUP(A103,vlookup_table!$A:$G,2,FALSE),"") -> 1 | O103: =IFERROR(VLOOKUP(A103,vlookup_table!$A:$G,4,FALSE),"") -> 0 | P103: =IFERROR(VLOOKUP(A103,vlookup_table!$A:$G,5,FALSE),"") -> C3 | Q103: =IFERROR(VLOOKUP(A103,vlookup_table!$A:$G,7,FALSE),"") -> 20 | R103: =IF(O103="","",97-INT(O103/100)) -> 97 | S103: {=IF(P103="","",_xlfn.SWITCH(LEFT(P103,1),"C","Ciudad","T","Pueblo","R","Rural","S","Suburbano","U","Urbano",""))} -> Ciudad | T103: =IF(C103="","",IF(OR(UPPER(C103)="M",UPPER(C103)="MALE"),"M",IF(OR(UPPER(C103)="F",UPPER(C103)="FEMALE",UPPER(C103)="FEAMALE"),"F",C103))) -> M | U103: =IF(OR(UPPER(B103)="CALIFORNIA",UPPER(B103)="CALI"),"CA",B103) -> FL | V103: =SUBSTITUTE(H103,"@","") -> 9747
A104: 63113 | B104: IN | C104: M | D104: 531 | E104: 246 | F104: 290 | G104: 0 | H104: 10423 | I104: 2 | J104: 70 | K104: 278 | L104: 272 | M104: 5.375 | N104: =IFERROR(VLOOKUP(A104,vlookup_table!$A:$G,2,FALSE),"") -> 0 | O104: =IFERROR(VLOOKUP(A104,vlookup_table!$A:$G,4,FALSE),"") -> 2805 | P104: =IFERROR(VLOOKUP(A104,vlookup_table!$A:$G,5,FALSE),"") -> T2 | Q104: =IFERROR(VLOOKUP(A104,vlookup_table!$A:$G,7,FALSE),"") -> 5 | R104: =IF(O104="","",97-INT(O104/100)) -> 69 | S104: {=IF(P104="","",_xlfn.SWITCH(LEFT(P104,1),"C","Ciudad","T","Pueblo","R","Rural","S","Suburbano","U","Urbano",""))} -> Pueblo | T104: =IF(C104="","",IF(OR(UPPER(C104)="M",UPPER(C104)="MALE"),"M",IF(OR(UPPER(C104)="F",UPPER(C104)="FEMALE",UPPER(C104)="FEAMALE"),"F",C104))) -> M | U104: =IF(OR(UPPER(B104)="CALIFORNIA",UPPER(B104)="CALI"),"CA",B104) -> IN | V104: =SUBSTITUTE(H104,"@","") -> 10423
A105: 57039 | B105: KY | C105: F | D105: 195 | E105: 131 | F105: 179 | G105: 0 | H105: 5727 | I105: 0 | J105: 94 | K105: 148 | L105: 159 | M105: 4.3023256 | N105: =IFERROR(VLOOKUP(A105,vlookup_table!$A:$G,2,FALSE),"") -> 0 | O105: =IFERROR(VLOOKUP(A105,vlookup_table!$A:$G,4,FALSE),"") -> 2911 | P105: =IFERROR(VLOOKUP(A105,vlookup_table!$A:$G,5,FALSE),"") -> R3 | Q105: =IFERROR(VLOOKUP(A105,vlookup_table!$A:$G,7,FALSE),"") -> 5 | R105: =IF(O105="","",97-INT(O105/100)) -> 68 | S105: {=IF(P105="","",_xlfn.SWITCH(LEFT(P105,1),"C","Ciudad","T","Pueblo","R","Rural","S","Suburbano","U","Urbano",""))} -> Rural | T105: =IF(C105="","",IF(OR(UPPER(C105)="M",UPPER(C105)="MALE"),"M",IF(OR(UPPER(C105)="F",UPPER(C105)="FEMALE",UPPER(C105)="FEAMALE"),"F",C105))) -> F | U105: =IF(OR(UPPER(B105)="CALIFORNIA",UPPER(B105)="CALI"),"CA",B105) -> KY | V105: =SUBSTITUTE(H105,"@","") -> 5727
A106: 58786 | B106: KY | C106: F | D106: 423 | E106: 293 | F106: 279 | G106: 0 | H106: 10343 | I106: 0 | J106: 82 | K106: 297 | L106: 274 | M106: 6.0555556 | N106: =IFERROR(VLOOKUP(A106,vlookup_table!$A:$G,2,FALSE),"") -> 0 | O106: =IFERROR(VLOOKUP(A106,vlookup_table!$A:$G,4,FALSE),"") -> 2701 | P106: =IFERROR(VLOOKUP(A106,vlookup_table!$A:$G,5,FALSE),"") -> R2 | Q106: =IFERROR(VLOOKUP(A106,vlookup_table!$A:$G,7,FALSE),"") -> 20 | R106: =IF(O106="","",97-INT(O106/100)) -> 70 | S106: {=IF(P106="","",_xlfn.SWITCH(LEFT(P106,1),"C","Ciudad","T","Pueblo","R","Rural","S","Suburbano","U","Urbano",""))} -> Rural | T106: =IF(C106="","",IF(OR(UPPER(C106)="M",UPPER(C106)="MALE"),"M",IF(OR(UPPER(C106)="F",UPPER(C106)="FEMALE",UPPER(C106)="FEAMALE"),"F",C106))) -> F | U106: =IF(OR(UPPER(B106)="CALIFORNIA",UPPER(B106)="CALI"),"CA",B106) -> KY | V106: =SUBSTITUTE(H106,"@","") -> 10343
A107: 164306 | B107: Cali | C107: F | D107: 2725 | E107: 629 | F107: 734 | G107: 83 | H107: 24424 | I107: 9 | J107: 51 | K107: 684 | L107: 662 | M107: 15 | N107: =IFERROR(VLOOKUP(A107,vlookup_table!$A:$G,2,FALSE),"") -> 0 | O107: =IFERROR(VLOOKUP(A107,vlookup_table!$A:$G,4,FALSE),"") -> 0 | P107: =IFERROR(VLOOKUP(A107,vlookup_table!$A:$G,5,FALSE),"") -> S2 | Q107: =IFERROR(VLOOKUP(A107,vlookup_table!$A:$G,7,FALSE),"") -> 30 | R107: =IF(O107="","",97-INT(O107/100)) -> 97 | S107: {=IF(P107="","",_xlfn.SWITCH(LEFT(P107,1),"C","Ciudad","T","Pueblo","R","Rural","S","Suburbano","U","Urbano",""))} -> Suburbano | T107: =IF(C107="","",IF(OR(UPPER(C107)="M",UPPER(C107)="MALE"),"M",IF(OR(UPPER(C107)="F",UPPER(C107)="FEMALE",UPPER(C107)="FEAMALE"),"F",C107))) -> F | U107: =IF(OR(UPPER(B107)="CALIFORNIA",UPPER(B107)="CALI"),"CA",B107) -> CA | V107: =SUBSTITUTE(H107,"@","") -> 24424
A108: 113129 | B108: OK | C108: F | D108: 359 | E108: 220 | F108: 299 | G108: 0 | H108: 13024 | I108: 0 | J108: 64 | K108: 247 | L108: 270 | M108: 20 | N108: =IFERROR(VLOOKUP(A108,vlookup_table!$A:$G,2,FALSE),"") -> 0 | O108: =IFERROR(VLOOKUP(A108,vlookup_table!$A:$G,4,FALSE),"") -> 1501 | P108: =IFERROR(VLOOKUP(A108,vlookup_table!$A:$G,5,FALSE),"") -> S1 | Q108: =IFERROR(VLOOKUP(A108,vlookup_table!$A:$G,7,FALSE),"") -> 20 | R108: =IF(O108="","",97-INT(O108/100)) -> 82 | S108: {=IF(P108="","",_xlfn.SWITCH(LEFT(P108,1),"C","Ciudad","T","Pueblo","R","Rural","S","Suburbano","U","Urbano",""))} -> Suburbano | T108: =IF(C108="","",IF(OR(UPPER(C108)="M",UPPER(C108)="MALE"),"M",IF(OR(UPPER(C108)="F",UPPER(C108)="FEMALE",UPPER(C108)="FEAMALE"),"F",C108))) -> F | U108: =IF(OR(UPPER(B108)="CALIFORNIA",UPPER(B108)="CALI"),"CA",B108) -> OK | V108: =SUBSTITUTE(H108,"@","") -> 13024
... A131: 18089 | B131: NC | C131: M | D131: 994 | E131: 404 | F131: 530 | G131: 2 | H131: 17420 | I131: 1 | J131: 70 | K131: 475 | L131: 485 | M131: 13.777778 | N131: =IFERROR(VLOOKUP(A131,vlookup_table!$A:$G,2,FALSE),"") -> 2 | O131: =IFERROR(VLOOKUP(A131,vlookup_table!$A:$G,4,FALSE),"") -> 5001 | P131: =IFERROR(VLOOKUP(A131,vlookup_table!$A:$G,5,FALSE),"") -> C1 | Q131: =IFERROR(VLOOKUP(A131,vlookup_table!$A:$G,7,FALSE),"") -> 25 | R131: =IF(O131="","",97-INT(O131/100)) -> 47 | S131: {=IF(P131="","",_xlfn.SWITCH(LEFT(P131,1),"C","Ciudad","T","Pueblo","R","Rural","S","Suburbano","U","Urbano",""))} -> Ciudad | T131: =IF(C131="","",IF(OR(UPPER(C131)="M",UPPER(C131)="MALE"),"M",IF(OR(UPPER(C131)="F",UPPER(C131)="FEMALE",UPPER(C131)="FEAMALE"),"F",C131))) -> M | U131: =IF(OR(UPPER(B131)="CALIFORNIA",UPPER(B131)="CALI"),"CA",B131) -> NC | V131: =SUBSTITUTE(H131,"@","") -> 17420
A132: 35276 | B132: FL | D132: 3542 | E132: 642 | F132: 843 | G132: 76 | H132: 53131 | I132: 3 | J132: 31 | K132: 690 | L132: 807 | M132: 6.6428571 | N132: =IFERROR(VLOOKUP(A132,vlookup_table!$A:$G,2,FALSE),"") -> 2 | O132: =IFERROR(VLOOKUP(A132,vlookup_table!$A:$G,4,FALSE),"") -> 1701 | P132: =IFERROR(VLOOKUP(A132,vlookup_table!$A:$G,5,FALSE),"") -> C1 | Q132: =IFERROR(VLOOKUP(A132,vlookup_table!$A:$G,7,FALSE),"") -> 10 | R132: =IF(O132="","",97-INT(O132/100)) -> 80 | S132: {=IF(P132="","",_xlfn.SWITCH(LEFT(P132,1),"C","Ciudad","T","Pueblo","R","Rural","S","Suburbano","U","Urbano",""))} -> Ciudad | T132: =IF(C132="","",IF(OR(UPPER(C132)="M",UPPER(C132)="MALE"),"M",IF(OR(UPPER(C132)="F",UPPER(C132)="FEMALE",UPPER(C132)="FEAMALE"),"F",C132))) | U132: =IF(OR(UPPER(B132)="CALIFORNIA",UPPER(B132)="CALI"),"CA",B132) -> FL | V132: =SUBSTITUTE(H132,"@","") -> 53131
A133: 18607 | B133: NC | C133: M | D133: 797 | E133: 377 | F133: 451 | G133: 2 | H133: 16163 | I133: 0 | J133: 74 | K133: 418 | L133: 423 | M133: 7.7692308 | N133: =IFERROR(VLOOKUP(A133,vlookup_table!$A:$G,2,FALSE),"") -> 1 | O133: =IFERROR(VLOOKUP(A133,vlookup_table!$A:$G,4,FALSE),"") -> 6001 | P133: =IFERROR(VLOOKUP(A133,vlookup_table!$A:$G,5,FALSE),"") -> T2 | Q133: =IFERROR(VLOOKUP(A133,vlookup_table!$A:$G,7,FALSE),"") -> 23 | R133: =IF(O133="","",97-INT(O133/100)) -> 37 | S133: {=IF(P133="","",_xlfn.SWITCH(LEFT(P133,1),"C","Ciudad","T","Pueblo","R","Rural","S","Suburbano","U","Urbano",""))} -> Pueblo | T133: =IF(C133="","",IF(OR(UPPER(C133)="M",UPPER(C133)="MALE"),"M",IF(OR(UPPER(C133)="F",UPPER(C133)="FEMALE",UPPER(C133)="FEAMALE"),"F",C133))) -> M | U133: =IF(OR(UPPER(B133)="CALIFORNIA",UPPER(B133)="CALI"),"CA",B133) -> NC | V133: =SUBSTITUTE(H133,"@","") -> 16163
A134: 61275 | B134: IN | C134: M | D134: 791 | E134: 361 | F134: 428 | G134: 1 | H134: 13805 | I134: 1 | J134: 74 | K134: 407 | L134: 390 | M134: 7.6363636 | N134: =IFERROR(VLOOKUP(A134,vlookup_table!$A:$G,2,FALSE),"") -> 1 | O134: =IFERROR(VLOOKUP(A134,vlookup_table!$A:$G,4,FALSE),"") -> 4801 | P134: =IFERROR(VLOOKUP(A134,vlookup_table!$A:$G,5,FALSE),"") -> T2 | Q134: =IFERROR(VLOOKUP(A134,vlookup_table!$A:$G,7,FALSE),"") -> 12 | R134: =IF(O134="","",97-INT(O134/100)) -> 49 | S134: {=IF(P134="","",_xlfn.SWITCH(LEFT(P134,1),"C","Ciudad","T","Pueblo","R","Rural","S","Suburbano","U","Urbano",""))} -> Pueblo | T134: =IF(C134="","",IF(OR(UPPER(C134)="M",UPPER(C134)="MALE"),"M",IF(OR(UPPER(C134)="F",UPPER(C134)="FEMALE",UPPER(C134)="FEAMALE"),"F",C134))) -> M | U134: =IF(OR(UPPER(B134)="CALIFORNIA",UPPER(B134)="CALI"),"CA",B134) -> IN | V134: =SUBSTITUTE(H134,"@","") -> 13805
A135: 36141 | B135: FL | C135: F | D135: 957 | E135: 408 | F135: 459 | G135: 16 | H135: 17718 | I135: 5 | J135: 17 | K135: 399 | L135: 450 | M135: 15 | N135: =IFERROR(VLOOKUP(A135,vlookup_table!$A:$G,2,FALSE),"") -> 28 | O135: =IFERROR(VLOOKUP(A135,vlookup_table!$A:$G,4,FALSE),"") -> 2805 | P135: =IFERROR(VLOOKUP(A135,vlookup_table!$A:$G,5,FALSE),"") -> C1 | Q135: =IFERROR(VLOOKUP(A135,vlookup_table!$A:$G,7,FALSE),"") -> 10 | R135: =IF(O135="","",97-INT(O135/100)) -> 69 | S135: {=IF(P135="","",_xlfn.SWITCH(LEFT(P135,1),"C","Ciudad","T","Pueblo","R","Rural","S","Suburbano","U","Urbano",""))} -> Ciudad | T135: =IF(C135="","",IF(OR(UPPER(C135)="M",UPPER(C135)="MALE"),"M",IF(OR(UPPER(C135)="F",UPPER(C135)="FEMALE",UPPER(C135)="FEAMALE"),"F",C135))) -> F | U135: =IF(OR(UPPER(B135)="CALIFORNIA",UPPER(B135)="CALI"),"CA",B135) -> FL | V135: =SUBSTITUTE(H135,"@","") -> 17718
A136: 85716 | B136: MN | C136: F | D136: 357 | E136: 164 | F136: 254 | G136: 0 | H136: 8443 | I136: 1 | J136: 78 | K136: 214 | L136: 215 | M136: 25 | N136: =IFERROR(VLOOKUP(A136,vlookup_table!$A:$G,2,FALSE),"") -> 0 | O136: =IFERROR(VLOOKUP(A136,vlookup_table!$A:$G,4,FALSE),"") -> 2401 | P136: =IFERROR(VLOOKUP(A136,vlookup_table!$A:$G,5,FALSE),"") -> R3 | Q136: =IFERROR(VLOOKUP(A136,vlookup_table!$A:$G,7,FALSE),"") -> 25 | R136: =IF(O136="","",97-INT(O136/100)) -> 73 | S136: {=IF(P136="","",_xlfn.SWITCH(LEFT(P136,1),"C","Ciudad","T","Pueblo","R","Rural","S","Suburbano","U","Urbano",""))} -> Rural | T136: =IF(C136="","",IF(OR(UPPER(C136)="M",UPPER(C136)="MALE"),"M",IF(OR(UPPER(C136)="F",UPPER(C136)="FEMALE",UPPER(C136)="FEAMALE"),"F",C136))) -> F | U136: =IF(OR(UPPER(B136)="CALIFORNIA",UPPER(B136)="CALI"),"CA",B136) -> MN | V136: =SUBSTITUTE(H136,"@","") -> 8443
...

Sheet vlookup_table
A1: CONTROLN | B1: TCODE | C1: STATE | D1: DOB | E1: DOMAIN | F1: GENDER | G1: TARGET_D
A2: 44060 | B2: 1 | C2: FL | D2: 1901 | E2: C2 | F2: M | G2: 100
A3: 96093 | B3: 0 | C3: IL | D3: 0 | E3: T2 | F3: M | G3: 7
A4: 43333 | B4: 0 | C4: FL | D4: 2501 | E4: C2 | F4: F | G4: 5
A5: 21885 | B5: 0 | C5: NC | D5: 2208 | E5: T2 | F5: M | G5: 38
A6: 190108 | B6: 28 | C6: FL | D6: 0 | E6: C2 | F6: F | G6: 5
A7: 100640 | B7: 1 | C7: IL | D7: 6104 | E7: S2 | F7: M | G7: 30
A8: 18581 | B8: 0 | C8: NC | D8: 4407 | E8: R2 | F8: F | G8: 12
A9: 119038 | B9: 1002 | C9: TX | D9: 0 | E9: C1 | F9: M | G9: 7
A10: 173223 | B10: 0 | C10: CA | D10: 1801 | E10: T2 | F10: F | G10: 10
A11: 157988 | B11: 28 | C11: CA | D11: 0 | E11: S1 | F11: F | G11: 10
A12: 141720 | B12: 28 | C12: NV | D12: 5401 | E12: T1 | F12: F | G12: 5
A13: 186272 | B13: 2 | C13: CA | D13: 3401 | E13: U1 | F13: F | G13: 10
A14: 154301 | B14: 2 | C14: CA | D14: 2801 | E14: T2 | F14: F | G14: 10
A15: 189722 | B15: 1 | C15: AP | D15: 0 | F15: M | G15: 6
A16: 188304 | B16: 0 | C16: KS | D16: 2405 | E16: T2 | F16: F | G16: 10
A17: 73699 | B17: 1 | C17: MI | D17: 5102 | E17: S1 | G17: 15
A18: 31977 | B18: 2 | C18: FL | D18: 2701 | E18: T1 | F18: F | G18: 28
A19: 44336 | B19: 0 | C19: FL | D19: 6501 | E19: C2 | F19: F | G19: 15
A20: 127823 | B20: 2 | C20: TX | D20: 2301 | E20: C3 | F20: F | G20: 6
A21: 150739 | B21: 2 | C21: CA | D21: 5410 | E21: S1 | F21: U | G21: 12
A22: 41384 | B22: 28 | C22: FL | D22: 5107 | E22: S3 | F22: F | G22: 12
A23: 114721 | B23: 0 | C23: OK | D23: 0 | E23: C2 | G23: 15
A24: 111795 | B24: 0 | C24: AR | D24: 0 | G24: 5
A25: 64480 | B25: 28 | C25: IN | D25: 0 | E25: T2 | F25: F | G25: 10
A26: 87259 | B26: 2 | C26: MT | D26: 4304 | E26: C1 | F26: M | G26: 25
A27: 115823 | B27: 0 | C27: TX | D27: 0 | E27: S1 | F27: M | G27: 15
A28: 95701 | B28: 1 | C28: IL | D28: 4406 | E28: S2 | F28: M | G28: 5
A29: 5172 | B29: 1 | C29: IL | D29: 6105 | E29: R3 | F29: M | G29: 10
A30: 152486 | B30: 1 | C30: CA | D30: 2401 | E30: S2 | F30: M | G30: 5
A31: 153880 | B31: 2 | C31: WI | D31: 5001 | E31: S1 | F31: F | G31: 5
A32: 101855 | B32: 1 | C32: MO | D32: 2401 | E32: C2 | F32: M | G32: 10
A33: 62932 | B33: 1 | C33: IN | D33: 0 | E33: S3 | F33: M | G33: 10
A34: 125930 | B34: 0 | C34: TX | D34: 4806 | E34: R2 | F34: F | G34: 7.5
A35: 173653 | B35: 28 | C35: HI | D35: 2401 | E35: C2 | F35: F | G35: 21
A36: 11011 | B36: 1002 | C36: FL | D36: 2601 | E36: S3 | F36: M | G36: 20
A37: 116894 | B37: 1 | C37: TX | D37: 2201 | E37: U1 | F37: M | G37: 20
A38: 154245 | B38: 2 | C38: CA | D38: 4304 | E38: R1 | F38: F | G38: 15
A39: 134773 | B39: 1 | C39: UT | D39: 3201 | E39: C3 | F39: M | G39: 25
A40: 26271 | B40: 28 | C40: GA | D40: 3701 | E40: C2 | F40: F | G40: 16
A41: 180292 | B41: 28 | C41: WA | D41: 2105 | E41: C2 | F41: F | G41: 10
A42: 10145 | B42: 2 | C42: CA | D42: 5401 | E42: C1 | F42: F | G42: 5
A43: 133806 | B43: 0 | C43: ID | D43: 0 | E43: T2 | F43: U | G43: 15
A44: 112632 | B44: 2 | C44: CT | D44: 5001 | F44: M | G44: 11
A45: 143253 | B45: 0 | C45: CA | D45: 2101 | E45: U3 | F45: F | G45: 5
A46: 403 | B46: 0 | C46: AL | D46: 3901 | F46: J | G46: 35
A47: 189882 | B47: 0 | C47: ND | D47: 4201 | E47: C2 | F47: F | G47: 10
A48: 119570 | B48: 1 | C48: TX | D48: 5201 | E48: S1 | F48: M | G48: 10
A49: 144021 | B49: 0 | C49: CA | D49: 4903 | E49: U4 | F49: F | G49: 15
A50: 93356 | B50: 0 | C50: IL | D50: 3705 | E50: U2 | F50: F | G50: 25
A51: 24711 | B51: 0 | C51: SC | D51: 0 | E51: T2 | F51: F | G51: 10
A52: 74914 | B52: 0 | C52: IA | D52: 1501 | E52: T2 | F52: F | G52: 6
A53: 6909 | B53: 1 | C53: CO | D53: 2801 | E53: R3 | F53: M | G53: 15
A54: 124543 | B54: 1002 | C54: TX | D54: 5811 | E54: T1 | F54: M | G54: 18
A55: 163018 | B55: 1 | C55: CA | D55: 0 | E55: U1 | F55: M | G55: 24
A56: 190671 | B56: 0 | C56: CA | D56: 1901 | G56: 14
A57: 33356 | B57: 0 | C57: FL | D57: 1401 | E57: S1 | F57: F | G57: 20
A58: 151600 | B58: 1 | C58: CA | D58: 6601 | E58: S2 | F58: M | G58: 21
A59: 21259 | B59: 0 | C59: NC | D59: 4001 | E59: C2 | F59: F | G59: 15
A60: 128987 | B60: 28 | C60: TX | D60: 3912 | E60: U1 | F60: F | G60: 41
A61: 108926 | B61: 1 | C61: LA | D61: 2601 | E61: T2 | F61: M | G61: 20
A62: 154709 | B62: 0 | C62: CA | D62: 0 | E62: S2 | F62: F | G62: 5
A63: 108050 | B63: 0 | C63: LA | D63: 1401 | E63: T1 | F63: F | G63: 16
A64: 187274 | B64: 0 | C64: IA | D64: 0 | E64: R2 | F64: F | G64: 15
A65: 171655 | B65: 0 | C65: CA | D65: 0 | E65: S3 | F65: F | G65: 12
A66: 160488 | B66: 0 | C66: OR | D66: 0 | E66: C2 | F66: M | G66: 10
A67: 21305 | B67: 1 | C67: NC | D67: 5601 | E67: R2 | F67: M | G67: 10
A68: 98470 | B68: 2 | C68: IL | D68: 1108 | E68: T2 | F68: F | G68: 14
... A78: 148969 | B78: 0 | C78: CA | D78: 0 | E78: C1 | F78: F | G78: 10
A79: 156324 | B79: 0 | C79: CA | D79: 0 | E79: S1 | G79: 15
A80: 130976 | B80: 2 | C80: CO | D80: 1412 | E80: C2 | F80: F | G80: 7
A81: 140141 | B81: 0 | C81: NM | D81: 4401 | E81: R2 | F81: F | G81: 14
A82: 85416 | B82: 0 | C82: CA | D82: 0 | E82: C2 | F82: F | G82: 25
A83: 108150 | B83: 2 | C83: LA | D83: 6312 | E83: S1 | F83: F | G83: 20
A84: 129823 | B84: 1002 | C84: CO | D84: 5601 | E84: S1 | F84: M | G84: 10
A85: 104413 | B85: 1 | C85: AZ | D85: 4201 | E85: R2 | F85: M | G85: 6
A86: 60512 | B86: 2 | C86: IL | D86: 2801 | E86: S2 | G86: 25
A87: 90480 | B87: 0 | C87: IL | D87: 4201 | E87: C1 | F87: F | G87: 11
A88: 148911 | B88: 28 | C88: CA | D88: 7201 | E88: C2 | F88: F | G88: 10
A89: 52990 | B89: 1002 | C89: TN | D89: 3801 | E89: T2 | F89: M | G89: 26
A90: 148022 | B90: 0 | C90: CA | D90: 4608 | E90: U2 | F90: F | G90: 10
A91: 147406 | B91: 1002 | C91: CA | D91: 2801 | E91: U1 | F91: M | G91: 38
A92: 103468 | B92: 0 | C92: MO | D92: 4103 | E92: T2 | F92: F | G92: 15
A93: 84100 | B93: 72 | C93: MN | D93: 3201 | E93: S1 | F93: M | G93: 14
A94: 137548 | B94: 0 | C94: AZ | D94: 2009 | E94: C1 | F94: M | G94: 9
A95: 6932 | B95: 1 | C95: MO | D95: 1708 | E95: S1 | F95: M | G95: 10
A96: 37118 | B96: 0 | C96: FL | D96: 2607 | E96: S2 | G96: 15
A97: 109179 | B97: 0 | C97: LA | D97: 4201 | E97: R2 | F97: M | G97: 14
A98: 140642 | B98: 2 | C98: NM | D98: 2710 | E98: T2 | F98: F | G98: 5
A99: 77057 | B99: 0 | C99: IA | D99: 3601 | E99: S2 | F99: F | G99: 15
A100: 83131 | B100: 1 | C100: MN | D100: 0 | E100: R2 | F100: M | G100: 20
A101: 168078 | B101: 1 | C101: CA | D101: 3501 | E101: S1 | F101: M | G101: 19
A102: 32975 | B102: 1 | C102: SC | D102: 5908 | E102: S2 | F102: M | G102: 25
A103: 37472 | B103: 1 | C103: FL | D103: 0 | E103: C3 | F103: M | G103: 20
A104: 63113 | B104: 0 | C104: IN | D104: 2805 | E104: T2 | F104: M | G104: 5
A105: 57039 | B105: 0 | C105: KY | D105: 2911 | E105: R3 | F105: F | G105: 5
A106: 58786 | B106: 0 | C106: KY | D106: 2701 | E106: R2 | F106: F | G106: 20
A107: 164306 | B107: 0 | C107: CA | D107: 0 | E107: S2 | F107: F | G107: 30
A108: 113129 | B108: 0 | C108: OK | D108: 1501 | E108: S1 | F108: F | G108: 20
... A131: 18089 | B131: 2 | C131: NC | D131: 5001 | E131: C1 | F131: M | G131: 25
...

Sheet Fórmulas Lab 4
A1: Función | B1: Fórmula | C1: Resultado
A2: SUMA (Donaciones TARGET_D) | B2: =SUMA(Todos!Q:Q) | C2: =SUM(Todos!Q:Q) -> 62811
A3: PROMEDIO (AVGGIFT) | B3: =PROMEDIO(Todos!M:M) | C3: =AVERAGE(Todos!M:M) -> 11.771435
A4: CONTAR (Edades numéricas) | B4: =CONTAR(Todos!R:R) | C4: =COUNT(Todos!R:R) -> 4028
A5: CONTAR.SI (Edad > 50) | B5: =CONTAR.SI(Todos!R:R,">50") | C5: =COUNTIF(Todos!R:R,">50") -> 3170
A6: CONTAR.SI (Género = M) | B6: =CONTAR.SI(Todos!T:T,"M") | C6: =COUNTIF(Todos!T:T,"M") -> 1635
A7: MAX (Edad máxima) | B7: =MAX(Todos!R:R) | C7: =MAX(Todos!R:R) -> 97
A8: MIN (Donación mínima >0) | B8: =MIN.SI(Todos!M:M,">0") | C8: =_xlfn.MINIFS(Todos!M:M,Todos!M:M,">0") -> 2.2608696
A9: MAX (Donación máxima) | B9: =MAX(Todos!M:M) | C9: =MAX(Todos!M:M) -> 450
A10: SI (Clasificación edad fila 2) | B10: =SI(Todos!R2>65,"Mayor","Joven") | C10: =IF(Todos!R2>65,"Mayor","Joven") -> Mayor
A11: BUSCARV (TARGET_D de CONTROLN 44060) | B11: =BUSCARV(44060,vlookup_table!A:G,7,FALSO) | C11: =VLOOKUP(44060,vlookup_table!A:G,7,FALSE) -> 100
A12: CONCATENAR (Estado + Vecindario fila 2) | B12: =CONCATENAR(Todos!U2," - ",Todos!S2) | C12: =_xlfn.CONCAT(Todos!U2," - ",Todos!S2) -> FL - Ciudad
A13: HOY (Fecha actual) | B13: =HOY() | C13: =TODAY() -> 46275
A14: AHORA (Fecha y hora actual) | B14: =AHORA() | C14: =NOW() -> 46275.673
A15: REDONDEAR (AVGGIFT fila 3 a 2 dec) | B15: =REDONDEAR(Todos!M3,2) | C15: =ROUND(Todos!M3,2) -> 5.67
A17: --- ESTADÍSTICAS ADICIONALES ---
A18: CONTAR.SI (Género = F) | B18: =CONTAR.SI(Todos!T:T,"F") | C18: =COUNTIF(Todos!T:T,"F") -> 2164
A19: CONTAR.SI (Vecindario = Ciudad) | B19: =CONTAR.SI(Todos!S:S,"Ciudad") | C19: =COUNTIF(Todos!S:S,"Ciudad") -> 827
A20: PROMEDIO (Edad) | B20: =PROMEDIO(Todos!R:R) | C20: =AVERAGE(Todos!R:R) -> 69.941162
A21: CONTARA (Total registros) | B21: =CONTARA(Todos!A:A)-1 | C21: =COUNTA(Todos!A:A)-1 -> 4028
A22: SUMA (IC5 original) | B22: =SUMA(Todos!H:H) | C22: =SUM(Todos!H:H) -> 66191634
